#
# There is insufficient memory for the Java Runtime Environment to continue.
# Native memory allocation (malloc) failed to allocate 960656 bytes for Chunk::new
# Possible reasons:
#   The system is out of physical RAM or swap space
#   The process is running with CompressedOops enabled, and the Java Heap may be blocking the growth of the native heap
# Possible solutions:
#   Reduce memory load on the system
#   Increase physical memory or swap space
#   Check if swap backing store is full
#   Decrease Java heap size (-Xmx/-Xms)
#   Decrease number of Java threads
#   Set larger code cache with -XX:ReservedCodeCacheSize=
#   JVM is running with Unscaled Compressed Oops mode in which the Java heap is
#     placed in the first 4GB address space. The Java Heap base address is the
#     maximum limit for the native heap growth. Please use -XX:HeapBaseMinAddress
#     to set the Java Heap base and to place the Java Heap above 4GB virtual address.
# This output file may be truncated or incomplete.
#
#  Out of Memory Error (arena.cpp:189), pid=16444, tid=26544
#
# JRE version: Java(TM) SE Runtime Environment (17.0.12+8) (build 17.0.12+8-LTS-286)
# Java VM: Java HotSpot(TM) 64-Bit Server VM (17.0.12+8-LTS-286, mixed mode, sharing, tiered, compressed oops, compressed class ptrs, g1 gc, windows-amd64)
# No core dump will be written. Minidumps are not enabled by default on client versions of Windows
#

---------------  S U M M A R Y ------------

Command Line: --add-opens=java.base/java.lang=ALL-UNNAMED --add-opens=java.base/java.lang.invoke=ALL-UNNAMED --add-opens=java.base/java.util=ALL-UNNAMED --add-opens=java.prefs/java.util.prefs=ALL-UNNAMED --add-exports=jdk.compiler/com.sun.tools.javac.api=ALL-UNNAMED --add-exports=jdk.compiler/com.sun.tools.javac.util=ALL-UNNAMED --add-opens=java.base/java.util=ALL-UNNAMED --add-opens=java.prefs/java.util.prefs=ALL-UNNAMED --add-opens=java.base/java.nio.charset=ALL-UNNAMED --add-opens=java.base/java.net=ALL-UNNAMED --add-opens=java.base/java.util.concurrent.atomic=ALL-UNNAMED --add-opens=java.xml/javax.xml.namespace=ALL-UNNAMED -XX:MaxMetaspaceSize=512m -Xmx2048m -Dfile.encoding=windows-31j -Duser.country=JP -Duser.language=ja -Duser.variant -javaagent:C:\Users\exo06\.gradle\wrapper\dists\gradle-8.13-bin\5xuhj0ry160q40clulazy9h7d\gradle-8.13\lib\agents\gradle-instrumentation-agent-8.13.jar org.gradle.launcher.daemon.bootstrap.GradleDaemon 8.13

Host: AMD Ryzen 5 5600U with Radeon Graphics         , 12 cores, 7G,  Windows 11 , 64 bit Build 26100 (10.0.26100.4202)
Time: Mon Jun 16 03:54:27 2025  Windows 11 , 64 bit Build 26100 (10.0.26100.4202) elapsed time: 23156.415705 seconds (0d 6h 25m 56s)

---------------  T H R E A D  ---------------

Current thread (0x0000021e52a3d030):  JavaThread "C2 CompilerThread0" daemon [_thread_in_native, id=26544, stack(0x000000caac900000,0x000000caaca00000)]


Current CompileTask:
C2:23156416 54458 %     4       com.android.tools.r8.dex.A::<init> @ 266 (1779 bytes)

Stack: [0x000000caac900000,0x000000caaca00000]
Native frames: (J=compiled Java code, j=interpreted, Vv=VM code, C=native code)
V  [jvm.dll+0x67a04a]
V  [jvm.dll+0x7da4ed]
V  [jvm.dll+0x7dbe33]
V  [jvm.dll+0x7dc4a3]
V  [jvm.dll+0x24508f]
V  [jvm.dll+0xab773]
V  [jvm.dll+0xabd3c]
V  [jvm.dll+0x2aa52f]
V  [jvm.dll+0x581eb9]
V  [jvm.dll+0x21f422]
V  [jvm.dll+0x21f81f]
V  [jvm.dll+0x218aa0]
V  [jvm.dll+0x215b65]
V  [jvm.dll+0x1a2960]
V  [jvm.dll+0x22610b]
V  [jvm.dll+0x2242ab]
V  [jvm.dll+0x79075c]
V  [jvm.dll+0x78abea]
V  [jvm.dll+0x678f35]
C  [ucrtbase.dll+0x37b0]
C  [KERNEL32.DLL+0x2e8d7]
C  [ntdll.dll+0x3c34c]


---------------  P R O C E S S  ---------------

Threads class SMR info:
_java_thread_list=0x0000021e00e12a80, length=238, elements={
0x0000021e34c35cd0, 0x0000021e52a0a340, 0x0000021e52a0ac10, 0x0000021e52a24ad0,
0x0000021e52a253a0, 0x0000021e52a25c70, 0x0000021e52a2e550, 0x0000021e52a3d030,
0x0000021e52a31f70, 0x0000021e52a32c70, 0x0000021e5347a350, 0x0000021e53534dc0,
0x0000021e73664fc0, 0x0000021e732f64a0, 0x0000021e73dbcfd0, 0x0000021e73e35d70,
0x0000021e73e36280, 0x0000021e73e36790, 0x0000021e73e380e0, 0x0000021e76c639e0,
0x0000021e76c62fc0, 0x0000021e76c64910, 0x0000021e7700f3a0, 0x0000021e78d99b50,
0x0000021e78d98200, 0x0000021e78d9b9b0, 0x0000021e78cfa710, 0x0000021e78cf97e0,
0x0000021e78cfcf90, 0x0000021e78cfdec0, 0x0000021e78cfe8e0, 0x0000021e78cfd4a0,
0x0000021e78cfc570, 0x0000021e78cfe3d0, 0x0000021e7fbcad70, 0x0000021e7fbcbca0,
0x0000021e7613ca30, 0x0000021e7613d960, 0x0000021e7758dd80, 0x0000021e77e2b3d0,
0x0000021e77e28b50, 0x0000021e0060ed30, 0x0000021e79e01f30, 0x0000021e78128f70,
0x0000021e77e28640, 0x0000021e7fe15a30, 0x0000021e0022ab90, 0x0000021e78c2c680,
0x0000021e7fbcc1b0, 0x0000021e7fc4b240, 0x0000021e00229c60, 0x0000021e00229240,
0x0000021e00228d30, 0x0000021e7fc48ed0, 0x0000021e7fc489c0, 0x0000021e7fc4ad30,
0x0000021e7fc4b750, 0x0000021e7fc49e00, 0x0000021e7fc498f0, 0x0000021e78c28ed0,
0x0000021e78c293e0, 0x0000021e78c2dac0, 0x0000021e78c2f410, 0x0000021e78c2f920,
0x0000021e78c2fe30, 0x0000021e78013340, 0x0000021e780114e0, 0x0000021e78011f00,
0x0000021e78014270, 0x0000021e78014780, 0x0000021e78013d60, 0x0000021e78012920,
0x0000021e780119f0, 0x0000021e0060f240, 0x0000021e0060bfa0, 0x0000021e0060d8f0,
0x0000021e0060c4b0, 0x0000021e0060f750, 0x0000021e0060ced0, 0x0000021e0060d3e0,
0x0000021e0060de00, 0x0000021e0060e310, 0x0000021e0060c9c0, 0x0000021e7613cf40,
0x0000021e7613e380, 0x0000021e7613bb00, 0x0000021e7613d450, 0x0000021e7613e890,
0x0000021e7613de70, 0x0000021e7613eda0, 0x0000021e7613f2b0, 0x0000021e019f03a0,
0x0000021e7fbca860, 0x0000021e7fbcc6c0, 0x0000021e7fbcb280, 0x0000021e7fbcb790,
0x0000021e019ef470, 0x0000021e019efe90, 0x0000021e019eea50, 0x0000021e79755fd0,
0x0000021e79753240, 0x0000021e7fc4a820, 0x0000021e7fc4a310, 0x0000021e79753750,
0x0000021e79755ac0, 0x0000021e79753c60, 0x0000021e797564e0, 0x0000021e79754170,
0x0000021e79754680, 0x0000021e79754b90, 0x0000021e797550a0, 0x0000021e797555b0,
0x0000021e7fc9e300, 0x0000021e7fca0670, 0x0000021e7fc9f230, 0x0000021e7fc9ddf0,
0x0000021e7fc9f740, 0x0000021e0022a170, 0x0000021e00227e00, 0x0000021e7fc9fc50,
0x0000021e7fca0b80, 0x0000021e006f2960, 0x0000021e7862d8e0, 0x0000021e7862e810,
0x0000021e7862ddf0, 0x0000021e7862b570, 0x0000021e7862ba80, 0x0000021e7862e300,
0x0000021e7862bf90, 0x0000021e7862c4a0, 0x0000021e7862cec0, 0x0000021e7862c9b0,
0x0000021e7862d3d0, 0x0000021e79e02440, 0x0000021e79e01a20, 0x0000021e79e03880,
0x0000021e79e03d90, 0x0000021e79e047b0, 0x0000021e79e042a0, 0x0000021e79e04cc0,
0x0000021e79e01510, 0x0000021e79e02950, 0x0000021e79e02e60, 0x0000021e79e03370,
0x0000021e78c2dfd0, 0x0000021e78c30340, 0x0000021e7613c010, 0x0000021e7613c520,
0x0000021e7f3a78f0, 0x0000021e7f3a64b0, 0x0000021e7fc4bc60, 0x0000021e7fc4c170,
0x0000021e7fd19df0, 0x0000021e7fd193d0, 0x0000021e7fbccbd0, 0x0000021e75a416d0,
0x0000021e7f3a5fa0, 0x0000021e7f3a73e0, 0x0000021e7f3a69c0, 0x0000021e7f3a6ed0,
0x0000021e7f3a8310, 0x0000021e7f3a7e00, 0x0000021e7fd17a80, 0x0000021e7fd184a0,
0x0000021e7fd198e0, 0x0000021e7fd17060, 0x0000021e7fd1a300, 0x0000021e79740420,
0x0000021e79741860, 0x0000021e7973ff10, 0x0000021e79740930, 0x0000021e79741d70,
0x0000021e79742280, 0x0000021e7973efe0, 0x0000021e79740e40, 0x0000021e7973f4f0,
0x0000021e79741350, 0x0000021e7fe16450, 0x0000021e7fe17da0, 0x0000021e7fe16e70,
0x0000021e7fe17890, 0x0000021e7fe16960, 0x0000021e7fe17380, 0x0000021e7fe182b0,
0x0000021e7fe15520, 0x0000021e7fe15010, 0x0000021e7fe15f40, 0x0000021e02db3900,
0x0000021e02db5250, 0x0000021e02db5760, 0x0000021e02db4830, 0x0000021e02db1fb0,
0x0000021e02db33f0, 0x0000021e02db4d40, 0x0000021e02db24c0, 0x0000021e7f3a8820,
0x0000021e7f3a5580, 0x0000021e7f3a5070, 0x0000021e7f3a5a90, 0x0000021e76018e60,
0x0000021e0022a680, 0x0000021e76019370, 0x0000021e745c7ca0, 0x0000021e78c2d0a0,
0x0000021e78c31c90, 0x0000021e78c34a20, 0x0000021e78c31270, 0x0000021e78c34510,
0x0000021e78c32bc0, 0x0000021e78c321a0, 0x0000021e78c31780, 0x0000021e78c35e60,
0x0000021e78c326b0, 0x0000021e78c34f30, 0x0000021e78c35440, 0x0000021e7fd1a810,
0x0000021e7f949cc0, 0x0000021e0022b0a0, 0x0000021e02db3e10, 0x0000021e75a40cb0,
0x0000021e7fd17570, 0x0000021e080e41a0, 0x0000021e7758e290, 0x0000021e7758bf20,
0x0000021e79e1f950, 0x0000021e7fc9d8e0, 0x0000021e7f947440, 0x0000021e7fb3be10,
0x0000021e76019880, 0x0000021e76018440, 0x0000021e79e1f440, 0x0000021e7758c430,
0x0000021e0022b5b0, 0x0000021e7fb3c830, 0x0000021e006f1f40, 0x0000021e7fca1090,
0x0000021e7f946f30, 0x0000021e00228310
}

Java Threads: ( => current thread )
  0x0000021e34c35cd0 JavaThread "main" [_thread_blocked, id=39828, stack(0x000000caabc00000,0x000000caabd00000)]
  0x0000021e52a0a340 JavaThread "Reference Handler" daemon [_thread_blocked, id=26444, stack(0x000000caac300000,0x000000caac400000)]
  0x0000021e52a0ac10 JavaThread "Finalizer" daemon [_thread_blocked, id=38248, stack(0x000000caac400000,0x000000caac500000)]
  0x0000021e52a24ad0 JavaThread "Signal Dispatcher" daemon [_thread_blocked, id=11784, stack(0x000000caac500000,0x000000caac600000)]
  0x0000021e52a253a0 JavaThread "Attach Listener" daemon [_thread_blocked, id=38336, stack(0x000000caac600000,0x000000caac700000)]
  0x0000021e52a25c70 JavaThread "Service Thread" daemon [_thread_blocked, id=28640, stack(0x000000caac700000,0x000000caac800000)]
  0x0000021e52a2e550 JavaThread "Monitor Deflation Thread" daemon [_thread_blocked, id=22144, stack(0x000000caac800000,0x000000caac900000)]
=>0x0000021e52a3d030 JavaThread "C2 CompilerThread0" daemon [_thread_in_native, id=26544, stack(0x000000caac900000,0x000000caaca00000)]
  0x0000021e52a31f70 JavaThread "C1 CompilerThread0" daemon [_thread_blocked, id=17188, stack(0x000000caaca00000,0x000000caacb00000)]
  0x0000021e52a32c70 JavaThread "Sweeper thread" daemon [_thread_blocked, id=26252, stack(0x000000caacb00000,0x000000caacc00000)]
  0x0000021e5347a350 JavaThread "Common-Cleaner" daemon [_thread_blocked, id=37040, stack(0x000000caacc00000,0x000000caacd00000)]
  0x0000021e53534dc0 JavaThread "Notification Thread" daemon [_thread_blocked, id=23348, stack(0x000000caacd00000,0x000000caace00000)]
  0x0000021e73664fc0 JavaThread "Daemon health stats" [_thread_blocked, id=32444, stack(0x000000caad500000,0x000000caad600000)]
  0x0000021e732f64a0 JavaThread "Incoming local TCP Connector on port 63200" [_thread_in_native, id=36160, stack(0x000000caacf00000,0x000000caad000000)]
  0x0000021e73dbcfd0 JavaThread "Daemon periodic checks" [_thread_blocked, id=31048, stack(0x000000caad700000,0x000000caad800000)]
  0x0000021e73e35d70 JavaThread "Cache worker for journal cache (C:\Users\exo06\.gradle\caches\journal-1)" [_thread_blocked, id=19928, stack(0x000000caadf00000,0x000000caae000000)]
  0x0000021e73e36280 JavaThread "File lock request listener" [_thread_in_native, id=10840, stack(0x000000caae000000,0x000000caae100000)]
  0x0000021e73e36790 JavaThread "Cache worker for file hash cache (C:\Users\exo06\.gradle\caches\8.13\fileHashes)" [_thread_blocked, id=25044, stack(0x000000caae100000,0x000000caae200000)]
  0x0000021e73e380e0 JavaThread "File watcher server" daemon [_thread_blocked, id=39604, stack(0x000000caaeb00000,0x000000caaec00000)]
  0x0000021e76c639e0 JavaThread "File watcher consumer" daemon [_thread_blocked, id=14776, stack(0x000000caaec00000,0x000000caaed00000)]
  0x0000021e76c62fc0 JavaThread "jar transforms" [_thread_blocked, id=35116, stack(0x000000caaed00000,0x000000caaee00000)]
  0x0000021e76c64910 JavaThread "Cache worker for file content cache (C:\Users\exo06\.gradle\caches\8.13\fileContent)" [_thread_blocked, id=13004, stack(0x000000caaef00000,0x000000caaf000000)]
  0x0000021e7700f3a0 JavaThread "Memory manager" [_thread_blocked, id=21152, stack(0x000000cab1b00000,0x000000cab1c00000)]
  0x0000021e78d99b50 JavaThread "jar transforms Thread 2" [_thread_blocked, id=14120, stack(0x000000cab7a00000,0x000000cab7b00000)]
  0x0000021e78d98200 JavaThread "jar transforms Thread 3" [_thread_blocked, id=37572, stack(0x000000cab7b00000,0x000000cab7c00000)]
  0x0000021e78d9b9b0 JavaThread "jar transforms Thread 4" [_thread_blocked, id=31940, stack(0x000000cab8600000,0x000000cab8700000)]
  0x0000021e78cfa710 JavaThread "jar transforms Thread 5" [_thread_blocked, id=37584, stack(0x000000cab8700000,0x000000cab8800000)]
  0x0000021e78cf97e0 JavaThread "jar transforms Thread 6" [_thread_blocked, id=35664, stack(0x000000cab8800000,0x000000cab8900000)]
  0x0000021e78cfcf90 JavaThread "jar transforms Thread 7" [_thread_blocked, id=17412, stack(0x000000cab1c00000,0x000000cab1d00000)]
  0x0000021e78cfdec0 JavaThread "jar transforms Thread 8" [_thread_blocked, id=37620, stack(0x000000cab8b00000,0x000000cab8c00000)]
  0x0000021e78cfe8e0 JavaThread "jar transforms Thread 9" [_thread_blocked, id=12396, stack(0x000000cab8c00000,0x000000cab8d00000)]
  0x0000021e78cfd4a0 JavaThread "jar transforms Thread 10" [_thread_blocked, id=31032, stack(0x000000cab8d00000,0x000000cab8e00000)]
  0x0000021e78cfc570 JavaThread "jar transforms Thread 11" [_thread_blocked, id=31700, stack(0x000000cab8e00000,0x000000cab8f00000)]
  0x0000021e78cfe3d0 JavaThread "jar transforms Thread 12" [_thread_blocked, id=29968, stack(0x000000cab8f00000,0x000000cab9000000)]
  0x0000021e7fbcad70 JavaThread "RMI Scheduler(0)" daemon [_thread_blocked, id=11164, stack(0x000000cab9700000,0x000000cab9800000)]
  0x0000021e7fbcbca0 JavaThread "RMI GC Daemon" daemon [_thread_blocked, id=17168, stack(0x000000cab9900000,0x000000cab9a00000)]
  0x0000021e7613ca30 JavaThread "RMI TCP Accept-0" daemon [_thread_in_native, id=35488, stack(0x000000cab9a00000,0x000000cab9b00000)]
  0x0000021e7613d960 JavaThread "RMI Reaper" [_thread_blocked, id=35356, stack(0x000000cab9b00000,0x000000cab9c00000)]
  0x0000021e7758dd80 JavaThread "ForkJoinPool.commonPool-worker-124" daemon [_thread_blocked, id=9636, stack(0x000000caab900000,0x000000caaba00000)]
  0x0000021e77e2b3d0 JavaThread "ForkJoinPool.commonPool-worker-125" daemon [_thread_blocked, id=17260, stack(0x000000cab0c00000,0x000000cab0d00000)]
  0x0000021e77e28b50 JavaThread "ForkJoinPool.commonPool-worker-126" daemon [_thread_blocked, id=26156, stack(0x000000cab0d00000,0x000000cab0e00000)]
  0x0000021e0060ed30 JavaThread "ForkJoinPool.commonPool-worker-127" daemon [_thread_blocked, id=35916, stack(0x000000cab0e00000,0x000000cab0f00000)]
  0x0000021e79e01f30 JavaThread "ForkJoinPool.commonPool-worker-128" daemon [_thread_blocked, id=14600, stack(0x000000cab0f00000,0x000000cab1000000)]
  0x0000021e78128f70 JavaThread "ForkJoinPool.commonPool-worker-130" daemon [_thread_blocked, id=28472, stack(0x000000cab1100000,0x000000cab1200000)]
  0x0000021e77e28640 JavaThread "RMI TCP Accept-0" daemon [_thread_in_native, id=35868, stack(0x000000cab3700000,0x000000cab3800000)]
  0x0000021e7fe15a30 JavaThread "Cache worker for Java compile cache (C:\Users\exo06\.gradle\caches\8.13\javaCompile)" [_thread_blocked, id=38272, stack(0x000000cabaf00000,0x000000cabb000000)]
  0x0000021e0022ab90 JavaThread "RMI RenewClean-[127.0.0.1:17430,org.jetbrains.kotlin.daemon.common.LoopbackNetworkInterface$ClientLoopbackSocketFactory@a11ae69]" daemon [_thread_blocked, id=39556, stack(0x000000cabbf00000,0x000000cabc000000)]
  0x0000021e78c2c680 JavaThread "RMI RenewClean-[127.0.0.1:17430,org.jetbrains.kotlin.daemon.common.LoopbackNetworkInterface$ClientLoopbackSocketFactory@3772b5bb]" daemon [_thread_blocked, id=30192, stack(0x000000cabc000000,0x000000cabc100000)]
  0x0000021e7fbcc1b0 JavaThread "RMI RenewClean-[127.0.0.1:17430,org.jetbrains.kotlin.daemon.common.LoopbackNetworkInterface$ClientLoopbackSocketFactory@6ec94548]" daemon [_thread_blocked, id=11236, stack(0x000000cabb100000,0x000000cabb200000)]
  0x0000021e7fc4b240 JavaThread "Daemon Thread 16" [_thread_blocked, id=38244, stack(0x000000caaba00000,0x000000caabb00000)]
  0x0000021e00229c60 JavaThread "Handler for socket connection from /127.0.0.1:63200 to /127.0.0.1:49264" [_thread_in_native, id=17136, stack(0x000000caabb00000,0x000000caabc00000)]
  0x0000021e00229240 JavaThread "Cancel handler" [_thread_blocked, id=34108, stack(0x000000caad600000,0x000000caad700000)]
  0x0000021e00228d30 JavaThread "Daemon worker Thread 16" [_thread_blocked, id=14736, stack(0x000000caad800000,0x000000caad900000)]
  0x0000021e7fc48ed0 JavaThread "Asynchronous log dispatcher for DefaultDaemonConnection: socket connection from /127.0.0.1:63200 to /127.0.0.1:49264" [_thread_blocked, id=7192, stack(0x000000caad900000,0x000000caada00000)]
  0x0000021e7fc489c0 JavaThread "Stdin handler" [_thread_blocked, id=34368, stack(0x000000caada00000,0x000000caadb00000)]
  0x0000021e7fc4ad30 JavaThread "Daemon client event forwarder" [_thread_blocked, id=19240, stack(0x000000caadb00000,0x000000caadc00000)]
  0x0000021e7fc4b750 JavaThread "Cache worker for file hash cache (C:\Users\exo06\MyAppCLI\android\.gradle\8.13\fileHashes)" [_thread_blocked, id=23096, stack(0x000000caadc00000,0x000000caadd00000)]
  0x0000021e7fc49e00 JavaThread "Cache worker for Build Output Cleanup Cache (C:\Users\exo06\MyAppCLI\android\.gradle\buildOutputCleanup)" [_thread_blocked, id=23328, stack(0x000000caadd00000,0x000000caade00000)]
  0x0000021e7fc498f0 JavaThread "Cache worker for checksums cache (C:\Users\exo06\MyAppCLI\android\.gradle\8.13\checksums)" [_thread_blocked, id=5680, stack(0x000000caade00000,0x000000caadf00000)]
  0x0000021e78c28ed0 JavaThread "Cache worker for cache directory md-supplier (C:\Users\exo06\.gradle\caches\8.13\md-supplier)" [_thread_blocked, id=28916, stack(0x000000caae700000,0x000000caae800000)]
  0x0000021e78c293e0 JavaThread "Cache worker for cache directory md-rule (C:\Users\exo06\.gradle\caches\8.13\md-rule)" [_thread_blocked, id=33760, stack(0x000000caae800000,0x000000caae900000)]
  0x0000021e78c2dac0 JavaThread "Cache worker for Build Output Cleanup Cache (C:\Users\exo06\MyAppCLI\node_modules\@react-native\gradle-plugin\.gradle\buildOutputCleanup)" [_thread_blocked, id=25716, stack(0x000000caaee00000,0x000000caaef00000)]
  0x0000021e78c2f410 JavaThread "Unconstrained build operations" [_thread_blocked, id=26448, stack(0x000000caaf000000,0x000000caaf100000)]
  0x0000021e78c2f920 JavaThread "Unconstrained build operations Thread 2" [_thread_blocked, id=36684, stack(0x000000caaf100000,0x000000caaf200000)]
  0x0000021e78c2fe30 JavaThread "Unconstrained build operations Thread 3" [_thread_blocked, id=29840, stack(0x000000caaf200000,0x000000caaf300000)]
  0x0000021e78013340 JavaThread "Unconstrained build operations Thread 4" [_thread_blocked, id=35220, stack(0x000000caaf300000,0x000000caaf400000)]
  0x0000021e780114e0 JavaThread "Unconstrained build operations Thread 5" [_thread_blocked, id=37148, stack(0x000000caaf400000,0x000000caaf500000)]
  0x0000021e78011f00 JavaThread "Unconstrained build operations Thread 6" [_thread_blocked, id=38852, stack(0x000000caaf500000,0x000000caaf600000)]
  0x0000021e78014270 JavaThread "Unconstrained build operations Thread 7" [_thread_blocked, id=14072, stack(0x000000caaf600000,0x000000caaf700000)]
  0x0000021e78014780 JavaThread "Unconstrained build operations Thread 8" [_thread_blocked, id=17816, stack(0x000000caaf700000,0x000000caaf800000)]
  0x0000021e78013d60 JavaThread "Unconstrained build operations Thread 9" [_thread_blocked, id=23092, stack(0x000000caaf800000,0x000000caaf900000)]
  0x0000021e78012920 JavaThread "Unconstrained build operations Thread 10" [_thread_blocked, id=36876, stack(0x000000caaf900000,0x000000caafa00000)]
  0x0000021e780119f0 JavaThread "Unconstrained build operations Thread 11" [_thread_blocked, id=34128, stack(0x000000caafa00000,0x000000caafb00000)]
  0x0000021e0060f240 JavaThread "Unconstrained build operations Thread 12" [_thread_blocked, id=31288, stack(0x000000caafb00000,0x000000caafc00000)]
  0x0000021e0060bfa0 JavaThread "Unconstrained build operations Thread 13" [_thread_blocked, id=31368, stack(0x000000caafc00000,0x000000caafd00000)]
  0x0000021e0060d8f0 JavaThread "Unconstrained build operations Thread 14" [_thread_blocked, id=2292, stack(0x000000caafd00000,0x000000caafe00000)]
  0x0000021e0060c4b0 JavaThread "Unconstrained build operations Thread 15" [_thread_blocked, id=10480, stack(0x000000caaff00000,0x000000cab0000000)]
  0x0000021e0060f750 JavaThread "Unconstrained build operations Thread 16" [_thread_blocked, id=35956, stack(0x000000cab0000000,0x000000cab0100000)]
  0x0000021e0060ced0 JavaThread "Unconstrained build operations Thread 17" [_thread_blocked, id=20168, stack(0x000000cab0100000,0x000000cab0200000)]
  0x0000021e0060d3e0 JavaThread "Unconstrained build operations Thread 18" [_thread_blocked, id=14632, stack(0x000000cab0200000,0x000000cab0300000)]
  0x0000021e0060de00 JavaThread "Unconstrained build operations Thread 19" [_thread_blocked, id=31112, stack(0x000000cab0300000,0x000000cab0400000)]
  0x0000021e0060e310 JavaThread "Unconstrained build operations Thread 20" [_thread_blocked, id=32472, stack(0x000000cab0400000,0x000000cab0500000)]
  0x0000021e0060c9c0 JavaThread "Unconstrained build operations Thread 21" [_thread_blocked, id=30160, stack(0x000000cab0500000,0x000000cab0600000)]
  0x0000021e7613cf40 JavaThread "Unconstrained build operations Thread 22" [_thread_blocked, id=13636, stack(0x000000cab0600000,0x000000cab0700000)]
  0x0000021e7613e380 JavaThread "Unconstrained build operations Thread 23" [_thread_blocked, id=29800, stack(0x000000cab0700000,0x000000cab0800000)]
  0x0000021e7613bb00 JavaThread "Unconstrained build operations Thread 24" [_thread_blocked, id=37816, stack(0x000000cab0800000,0x000000cab0900000)]
  0x0000021e7613d450 JavaThread "Unconstrained build operations Thread 25" [_thread_blocked, id=19376, stack(0x000000cab0900000,0x000000cab0a00000)]
  0x0000021e7613e890 JavaThread "Unconstrained build operations Thread 26" [_thread_blocked, id=8496, stack(0x000000cab0a00000,0x000000cab0b00000)]
  0x0000021e7613de70 JavaThread "build event listener" [_thread_blocked, id=26040, stack(0x000000cab0b00000,0x000000cab0c00000)]
  0x0000021e7613eda0 JavaThread "ForkJoinPool.commonPool-worker-134" daemon [_thread_blocked, id=32256, stack(0x000000cab1000000,0x000000cab1100000)]
  0x0000021e7613f2b0 JavaThread "ForkJoinPool.commonPool-worker-135" daemon [_thread_blocked, id=19752, stack(0x000000cab1200000,0x000000cab1300000)]
  0x0000021e019f03a0 JavaThread "included builds" [_thread_blocked, id=3444, stack(0x000000cab1300000,0x000000cab1400000)]
  0x0000021e7fbca860 JavaThread "Execution worker" [_thread_blocked, id=11340, stack(0x000000cab1400000,0x000000cab1500000)]
  0x0000021e7fbcc6c0 JavaThread "Execution worker Thread 2" [_thread_blocked, id=28332, stack(0x000000cab1500000,0x000000cab1600000)]
  0x0000021e7fbcb280 JavaThread "Execution worker Thread 3" [_thread_blocked, id=33568, stack(0x000000cab1600000,0x000000cab1700000)]
  0x0000021e7fbcb790 JavaThread "Execution worker Thread 4" [_thread_blocked, id=38848, stack(0x000000cab1700000,0x000000cab1800000)]
  0x0000021e019ef470 JavaThread "Execution worker Thread 5" [_thread_blocked, id=33700, stack(0x000000cab1800000,0x000000cab1900000)]
  0x0000021e019efe90 JavaThread "Execution worker Thread 6" [_thread_blocked, id=36968, stack(0x000000cab1900000,0x000000cab1a00000)]
  0x0000021e019eea50 JavaThread "Execution worker Thread 7" [_thread_blocked, id=27528, stack(0x000000cab1a00000,0x000000cab1b00000)]
  0x0000021e79755fd0 JavaThread "Execution worker Thread 8" [_thread_blocked, id=36284, stack(0x000000cab1d00000,0x000000cab1e00000)]
  0x0000021e79753240 JavaThread "Execution worker Thread 9" [_thread_blocked, id=36052, stack(0x000000cab1e00000,0x000000cab1f00000)]
  0x0000021e7fc4a820 JavaThread "Execution worker Thread 10" [_thread_blocked, id=37712, stack(0x000000cab1f00000,0x000000cab2000000)]
  0x0000021e7fc4a310 JavaThread "Execution worker Thread 11" [_thread_blocked, id=34972, stack(0x000000cab2000000,0x000000cab2100000)]
  0x0000021e79753750 JavaThread "Cache worker for execution history cache (C:\Users\exo06\MyAppCLI\node_modules\@react-native\gradle-plugin\.gradle\8.13\executionHistory)" [_thread_blocked, id=35596, stack(0x000000cab2100000,0x000000cab2200000)]
  0x0000021e79755ac0 JavaThread "Unconstrained build operations Thread 27" [_thread_blocked, id=35176, stack(0x000000cab2200000,0x000000cab2300000)]
  0x0000021e79753c60 JavaThread "Unconstrained build operations Thread 28" [_thread_blocked, id=19272, stack(0x000000cab2300000,0x000000cab2400000)]
  0x0000021e797564e0 JavaThread "Unconstrained build operations Thread 29" [_thread_blocked, id=36096, stack(0x000000cab2400000,0x000000cab2500000)]
  0x0000021e79754170 JavaThread "Unconstrained build operations Thread 30" [_thread_blocked, id=18256, stack(0x000000cab2500000,0x000000cab2600000)]
  0x0000021e79754680 JavaThread "Unconstrained build operations Thread 31" [_thread_blocked, id=21528, stack(0x000000cab2600000,0x000000cab2700000)]
  0x0000021e79754b90 JavaThread "Unconstrained build operations Thread 32" [_thread_blocked, id=17300, stack(0x000000cab2700000,0x000000cab2800000)]
  0x0000021e797550a0 JavaThread "Unconstrained build operations Thread 33" [_thread_blocked, id=31996, stack(0x000000cab2800000,0x000000cab2900000)]
  0x0000021e797555b0 JavaThread "Unconstrained build operations Thread 34" [_thread_blocked, id=31348, stack(0x000000cab2900000,0x000000cab2a00000)]
  0x0000021e7fc9e300 JavaThread "Unconstrained build operations Thread 35" [_thread_blocked, id=38280, stack(0x000000cab2a00000,0x000000cab2b00000)]
  0x0000021e7fca0670 JavaThread "Unconstrained build operations Thread 36" [_thread_blocked, id=20852, stack(0x000000cab2b00000,0x000000cab2c00000)]
  0x0000021e7fc9f230 JavaThread "Unconstrained build operations Thread 37" [_thread_blocked, id=18676, stack(0x000000cab2c00000,0x000000cab2d00000)]
  0x0000021e7fc9ddf0 JavaThread "Unconstrained build operations Thread 38" [_thread_blocked, id=34564, stack(0x000000cab2d00000,0x000000cab2e00000)]
  0x0000021e7fc9f740 JavaThread "Unconstrained build operations Thread 39" [_thread_blocked, id=36940, stack(0x000000cab2e00000,0x000000cab2f00000)]
  0x0000021e0022a170 JavaThread "Unconstrained build operations Thread 40" [_thread_blocked, id=5684, stack(0x000000cab2f00000,0x000000cab3000000)]
  0x0000021e00227e00 JavaThread "Unconstrained build operations Thread 41" [_thread_blocked, id=14604, stack(0x000000cab3000000,0x000000cab3100000)]
  0x0000021e7fc9fc50 JavaThread "Unconstrained build operations Thread 42" [_thread_blocked, id=38760, stack(0x000000cab3100000,0x000000cab3200000)]
  0x0000021e7fca0b80 JavaThread "Unconstrained build operations Thread 43" [_thread_blocked, id=14996, stack(0x000000cab3200000,0x000000cab3300000)]
  0x0000021e006f2960 JavaThread "Unconstrained build operations Thread 44" [_thread_blocked, id=39652, stack(0x000000cab3300000,0x000000cab3400000)]
  0x0000021e7862d8e0 JavaThread "Unconstrained build operations Thread 45" [_thread_blocked, id=33424, stack(0x000000cab3400000,0x000000cab3500000)]
  0x0000021e7862e810 JavaThread "Unconstrained build operations Thread 46" [_thread_blocked, id=15148, stack(0x000000cab3500000,0x000000cab3600000)]
  0x0000021e7862ddf0 JavaThread "Unconstrained build operations Thread 47" [_thread_blocked, id=21396, stack(0x000000cab3600000,0x000000cab3700000)]
  0x0000021e7862b570 JavaThread "Unconstrained build operations Thread 48" [_thread_blocked, id=18800, stack(0x000000cab3800000,0x000000cab3900000)]
  0x0000021e7862ba80 JavaThread "Unconstrained build operations Thread 49" [_thread_blocked, id=37328, stack(0x000000cab3900000,0x000000cab3a00000)]
  0x0000021e7862e300 JavaThread "Unconstrained build operations Thread 50" [_thread_blocked, id=7652, stack(0x000000cab3a00000,0x000000cab3b00000)]
  0x0000021e7862bf90 JavaThread "Unconstrained build operations Thread 51" [_thread_blocked, id=30244, stack(0x000000cab3b00000,0x000000cab3c00000)]
  0x0000021e7862c4a0 JavaThread "Unconstrained build operations Thread 52" [_thread_blocked, id=6588, stack(0x000000cab3c00000,0x000000cab3d00000)]
  0x0000021e7862cec0 JavaThread "Unconstrained build operations Thread 53" [_thread_blocked, id=36692, stack(0x000000cab3d00000,0x000000cab3e00000)]
  0x0000021e7862c9b0 JavaThread "Unconstrained build operations Thread 54" [_thread_blocked, id=15736, stack(0x000000cab3e00000,0x000000cab3f00000)]
  0x0000021e7862d3d0 JavaThread "Unconstrained build operations Thread 55" [_thread_blocked, id=21644, stack(0x000000cab3f00000,0x000000cab4000000)]
  0x0000021e79e02440 JavaThread "Unconstrained build operations Thread 56" [_thread_blocked, id=31360, stack(0x000000cab4000000,0x000000cab4100000)]
  0x0000021e79e01a20 JavaThread "Unconstrained build operations Thread 57" [_thread_blocked, id=35572, stack(0x000000cab4100000,0x000000cab4200000)]
  0x0000021e79e03880 JavaThread "Unconstrained build operations Thread 58" [_thread_blocked, id=20192, stack(0x000000cab4200000,0x000000cab4300000)]
  0x0000021e79e03d90 JavaThread "Unconstrained build operations Thread 59" [_thread_blocked, id=38648, stack(0x000000cab4300000,0x000000cab4400000)]
  0x0000021e79e047b0 JavaThread "Unconstrained build operations Thread 60" [_thread_blocked, id=3608, stack(0x000000cab4400000,0x000000cab4500000)]
  0x0000021e79e042a0 JavaThread "Unconstrained build operations Thread 61" [_thread_blocked, id=960, stack(0x000000cab4500000,0x000000cab4600000)]
  0x0000021e79e04cc0 JavaThread "Unconstrained build operations Thread 62" [_thread_blocked, id=35452, stack(0x000000cab4600000,0x000000cab4700000)]
  0x0000021e79e01510 JavaThread "Unconstrained build operations Thread 63" [_thread_blocked, id=33900, stack(0x000000cab4700000,0x000000cab4800000)]
  0x0000021e79e02950 JavaThread "Unconstrained build operations Thread 64" [_thread_blocked, id=25488, stack(0x000000cab4800000,0x000000cab4900000)]
  0x0000021e79e02e60 JavaThread "Unconstrained build operations Thread 65" [_thread_blocked, id=33312, stack(0x000000cab4900000,0x000000cab4a00000)]
  0x0000021e79e03370 JavaThread "Unconstrained build operations Thread 66" [_thread_blocked, id=37476, stack(0x000000cab4a00000,0x000000cab4b00000)]
  0x0000021e78c2dfd0 JavaThread "Unconstrained build operations Thread 67" [_thread_blocked, id=19644, stack(0x000000cab4b00000,0x000000cab4c00000)]
  0x0000021e78c30340 JavaThread "Unconstrained build operations Thread 68" [_thread_blocked, id=6140, stack(0x000000cab4c00000,0x000000cab4d00000)]
  0x0000021e7613c010 JavaThread "Unconstrained build operations Thread 69" [_thread_blocked, id=18640, stack(0x000000cab4d00000,0x000000cab4e00000)]
  0x0000021e7613c520 JavaThread "Unconstrained build operations Thread 70" [_thread_blocked, id=31900, stack(0x000000cab4e00000,0x000000cab4f00000)]
  0x0000021e7f3a78f0 JavaThread "Unconstrained build operations Thread 71" [_thread_blocked, id=29792, stack(0x000000cab4f00000,0x000000cab5000000)]
  0x0000021e7f3a64b0 JavaThread "Unconstrained build operations Thread 72" [_thread_blocked, id=33644, stack(0x000000cab5000000,0x000000cab5100000)]
  0x0000021e7fc4bc60 JavaThread "Unconstrained build operations Thread 73" [_thread_blocked, id=27784, stack(0x000000cab5100000,0x000000cab5200000)]
  0x0000021e7fc4c170 JavaThread "Unconstrained build operations Thread 74" [_thread_blocked, id=36800, stack(0x000000cab5200000,0x000000cab5300000)]
  0x0000021e7fd19df0 JavaThread "Unconstrained build operations Thread 75" [_thread_blocked, id=37208, stack(0x000000cab5300000,0x000000cab5400000)]
  0x0000021e7fd193d0 JavaThread "Unconstrained build operations Thread 76" [_thread_blocked, id=10128, stack(0x000000cab5400000,0x000000cab5500000)]
  0x0000021e7fbccbd0 JavaThread "Unconstrained build operations Thread 77" [_thread_blocked, id=34440, stack(0x000000cab5500000,0x000000cab5600000)]
  0x0000021e75a416d0 JavaThread "Unconstrained build operations Thread 78" [_thread_blocked, id=31512, stack(0x000000cab5600000,0x000000cab5700000)]
  0x0000021e7f3a5fa0 JavaThread "Unconstrained build operations Thread 79" [_thread_blocked, id=15860, stack(0x000000cab5700000,0x000000cab5800000)]
  0x0000021e7f3a73e0 JavaThread "Unconstrained build operations Thread 80" [_thread_blocked, id=26264, stack(0x000000cab5800000,0x000000cab5900000)]
  0x0000021e7f3a69c0 JavaThread "Unconstrained build operations Thread 81" [_thread_blocked, id=19144, stack(0x000000cab5900000,0x000000cab5a00000)]
  0x0000021e7f3a6ed0 JavaThread "Unconstrained build operations Thread 82" [_thread_blocked, id=34740, stack(0x000000cab5a00000,0x000000cab5b00000)]
  0x0000021e7f3a8310 JavaThread "Unconstrained build operations Thread 83" [_thread_blocked, id=11332, stack(0x000000cab5b00000,0x000000cab5c00000)]
  0x0000021e7f3a7e00 JavaThread "Unconstrained build operations Thread 84" [_thread_blocked, id=36244, stack(0x000000cab5c00000,0x000000cab5d00000)]
  0x0000021e7fd17a80 JavaThread "Unconstrained build operations Thread 85" [_thread_blocked, id=36172, stack(0x000000cab5d00000,0x000000cab5e00000)]
  0x0000021e7fd184a0 JavaThread "Unconstrained build operations Thread 86" [_thread_blocked, id=38064, stack(0x000000cab5e00000,0x000000cab5f00000)]
  0x0000021e7fd198e0 JavaThread "Unconstrained build operations Thread 87" [_thread_blocked, id=30260, stack(0x000000cab5f00000,0x000000cab6000000)]
  0x0000021e7fd17060 JavaThread "Unconstrained build operations Thread 88" [_thread_blocked, id=1956, stack(0x000000cab6000000,0x000000cab6100000)]
  0x0000021e7fd1a300 JavaThread "Unconstrained build operations Thread 89" [_thread_blocked, id=19688, stack(0x000000cab6100000,0x000000cab6200000)]
  0x0000021e79740420 JavaThread "Unconstrained build operations Thread 90" [_thread_blocked, id=16268, stack(0x000000cab6200000,0x000000cab6300000)]
  0x0000021e79741860 JavaThread "Unconstrained build operations Thread 91" [_thread_blocked, id=5864, stack(0x000000cab6300000,0x000000cab6400000)]
  0x0000021e7973ff10 JavaThread "Unconstrained build operations Thread 92" [_thread_blocked, id=21548, stack(0x000000cab6400000,0x000000cab6500000)]
  0x0000021e79740930 JavaThread "Unconstrained build operations Thread 93" [_thread_blocked, id=12696, stack(0x000000cab6500000,0x000000cab6600000)]
  0x0000021e79741d70 JavaThread "Unconstrained build operations Thread 94" [_thread_blocked, id=32708, stack(0x000000cab6600000,0x000000cab6700000)]
  0x0000021e79742280 JavaThread "Unconstrained build operations Thread 95" [_thread_blocked, id=35304, stack(0x000000cab6700000,0x000000cab6800000)]
  0x0000021e7973efe0 JavaThread "Unconstrained build operations Thread 96" [_thread_blocked, id=14468, stack(0x000000cab6800000,0x000000cab6900000)]
  0x0000021e79740e40 JavaThread "Unconstrained build operations Thread 97" [_thread_blocked, id=39920, stack(0x000000cab6900000,0x000000cab6a00000)]
  0x0000021e7973f4f0 JavaThread "Unconstrained build operations Thread 98" [_thread_blocked, id=33516, stack(0x000000cab6a00000,0x000000cab6b00000)]
  0x0000021e79741350 JavaThread "build event listener" [_thread_blocked, id=31920, stack(0x000000cab6b00000,0x000000cab6c00000)]
  0x0000021e7fe16450 JavaThread "Problems report writer" [_thread_blocked, id=1864, stack(0x000000cab6c00000,0x000000cab6d00000)]
  0x0000021e7fe17da0 JavaThread "Unconstrained build operations Thread 99" [_thread_blocked, id=1484, stack(0x000000cab6d00000,0x000000cab6e00000)]
  0x0000021e7fe16e70 JavaThread "Unconstrained build operations Thread 100" [_thread_blocked, id=1636, stack(0x000000cab6e00000,0x000000cab6f00000)]
  0x0000021e7fe17890 JavaThread "Unconstrained build operations Thread 101" [_thread_blocked, id=19580, stack(0x000000cab6f00000,0x000000cab7000000)]
  0x0000021e7fe16960 JavaThread "Unconstrained build operations Thread 102" [_thread_blocked, id=29784, stack(0x000000cab7000000,0x000000cab7100000)]
  0x0000021e7fe17380 JavaThread "Unconstrained build operations Thread 103" [_thread_blocked, id=38408, stack(0x000000cab7100000,0x000000cab7200000)]
  0x0000021e7fe182b0 JavaThread "Unconstrained build operations Thread 104" [_thread_blocked, id=36448, stack(0x000000cab7200000,0x000000cab7300000)]
  0x0000021e7fe15520 JavaThread "Unconstrained build operations Thread 105" [_thread_blocked, id=39864, stack(0x000000cab7300000,0x000000cab7400000)]
  0x0000021e7fe15010 JavaThread "Unconstrained build operations Thread 106" [_thread_blocked, id=35192, stack(0x000000cab7400000,0x000000cab7500000)]
  0x0000021e7fe15f40 JavaThread "Unconstrained build operations Thread 107" [_thread_blocked, id=34940, stack(0x000000cab7500000,0x000000cab7600000)]
  0x0000021e02db3900 JavaThread "Unconstrained build operations Thread 108" [_thread_blocked, id=18936, stack(0x000000cab7600000,0x000000cab7700000)]
  0x0000021e02db5250 JavaThread "Unconstrained build operations Thread 109" [_thread_blocked, id=12560, stack(0x000000cab7700000,0x000000cab7800000)]
  0x0000021e02db5760 JavaThread "Unconstrained build operations Thread 110" [_thread_blocked, id=7292, stack(0x000000cab7800000,0x000000cab7900000)]
  0x0000021e02db4830 JavaThread "Unconstrained build operations Thread 111" [_thread_blocked, id=17572, stack(0x000000cab7900000,0x000000cab7a00000)]
  0x0000021e02db1fb0 JavaThread "Unconstrained build operations Thread 112" [_thread_blocked, id=29088, stack(0x000000cab7c00000,0x000000cab7d00000)]
  0x0000021e02db33f0 JavaThread "Unconstrained build operations Thread 113" [_thread_blocked, id=34520, stack(0x000000cab7d00000,0x000000cab7e00000)]
  0x0000021e02db4d40 JavaThread "Unconstrained build operations Thread 114" [_thread_blocked, id=34456, stack(0x000000cab7e00000,0x000000cab7f00000)]
  0x0000021e02db24c0 JavaThread "Unconstrained build operations Thread 115" [_thread_blocked, id=34668, stack(0x000000cab7f00000,0x000000cab8000000)]
  0x0000021e7f3a8820 JavaThread "Unconstrained build operations Thread 116" [_thread_blocked, id=21288, stack(0x000000cab8000000,0x000000cab8100000)]
  0x0000021e7f3a5580 JavaThread "Unconstrained build operations Thread 117" [_thread_blocked, id=37568, stack(0x000000cab8100000,0x000000cab8200000)]
  0x0000021e7f3a5070 JavaThread "Unconstrained build operations Thread 118" [_thread_blocked, id=23380, stack(0x000000cab8200000,0x000000cab8300000)]
  0x0000021e7f3a5a90 JavaThread "Unconstrained build operations Thread 119" [_thread_blocked, id=2808, stack(0x000000cab8300000,0x000000cab8400000)]
  0x0000021e76018e60 JavaThread "Unconstrained build operations Thread 120" [_thread_blocked, id=27656, stack(0x000000cab8400000,0x000000cab8500000)]
  0x0000021e0022a680 JavaThread "ForkJoinPool.commonPool-worker-137" daemon [_thread_blocked, id=39892, stack(0x000000cab8500000,0x000000cab8600000)]
  0x0000021e76019370 JavaThread "ForkJoinPool.commonPool-worker-136" daemon [_thread_blocked, id=34892, stack(0x000000cab8900000,0x000000cab8a00000)]
  0x0000021e745c7ca0 JavaThread "Cache worker for execution history cache (C:\Users\exo06\MyAppCLI\android\.gradle\8.13\executionHistory)" [_thread_blocked, id=16152, stack(0x000000cab8a00000,0x000000cab8b00000)]
  0x0000021e78c2d0a0 JavaThread "Build operations" [_thread_blocked, id=21216, stack(0x000000cab9400000,0x000000cab9500000)]
  0x0000021e78c31c90 JavaThread "Build operations Thread 2" [_thread_blocked, id=39280, stack(0x000000cab9500000,0x000000cab9600000)]
  0x0000021e78c34a20 JavaThread "Build operations Thread 3" [_thread_blocked, id=39772, stack(0x000000cab9600000,0x000000cab9700000)]
  0x0000021e78c31270 JavaThread "Build operations Thread 4" [_thread_blocked, id=28572, stack(0x000000cab9800000,0x000000cab9900000)]
  0x0000021e78c34510 JavaThread "Build operations Thread 5" [_thread_blocked, id=32384, stack(0x000000cab9c00000,0x000000cab9d00000)]
  0x0000021e78c32bc0 JavaThread "Build operations Thread 6" [_thread_blocked, id=4528, stack(0x000000cab9d00000,0x000000cab9e00000)]
  0x0000021e78c321a0 JavaThread "Build operations Thread 7" [_thread_blocked, id=14876, stack(0x000000cab9e00000,0x000000cab9f00000)]
  0x0000021e78c31780 JavaThread "Build operations Thread 8" [_thread_blocked, id=29196, stack(0x000000cab9f00000,0x000000caba000000)]
  0x0000021e78c35e60 JavaThread "Build operations Thread 9" [_thread_blocked, id=428, stack(0x000000caba000000,0x000000caba100000)]
  0x0000021e78c326b0 JavaThread "Build operations Thread 10" [_thread_blocked, id=31480, stack(0x000000caba100000,0x000000caba200000)]
  0x0000021e78c34f30 JavaThread "Build operations Thread 11" [_thread_blocked, id=5476, stack(0x000000caba200000,0x000000caba300000)]
  0x0000021e78c35440 JavaThread "WorkerExecutor Queue" [_thread_blocked, id=7880, stack(0x000000caba300000,0x000000caba400000)]
  0x0000021e7fd1a810 JavaThread "Build operations Thread 12" [_thread_blocked, id=27420, stack(0x000000caba400000,0x000000caba500000)]
  0x0000021e7f949cc0 JavaThread "WorkerExecutor Queue Thread 2" [_thread_blocked, id=9064, stack(0x000000caba500000,0x000000caba600000)]
  0x0000021e0022b0a0 JavaThread "WorkerExecutor Queue Thread 3" [_thread_blocked, id=26292, stack(0x000000caba600000,0x000000caba700000)]
  0x0000021e02db3e10 JavaThread "WorkerExecutor Queue Thread 4" [_thread_in_native, id=19476, stack(0x000000caba700000,0x000000caba800000)]
  0x0000021e75a40cb0 JavaThread "WorkerExecutor Queue Thread 5" [_thread_blocked, id=36620, stack(0x000000caba800000,0x000000caba900000)]
  0x0000021e7fd17570 JavaThread "WorkerExecutor Queue Thread 6" [_thread_blocked, id=12500, stack(0x000000cabaa00000,0x000000cabab00000)]
  0x0000021e080e41a0 JavaThread "Exec process Thread 46" [_thread_in_native, id=39176, stack(0x000000cabab00000,0x000000cabac00000)]
  0x0000021e7758e290 JavaThread "Exec process Thread 47" [_thread_in_native, id=18196, stack(0x000000cabac00000,0x000000cabad00000)]
  0x0000021e7758bf20 JavaThread "Exec process Thread 48" [_thread_in_native, id=676, stack(0x000000cabad00000,0x000000cabae00000)]
  0x0000021e79e1f950 JavaThread "RMI RenewClean-[127.0.0.1:17886,org.jetbrains.kotlin.daemon.common.LoopbackNetworkInterface$ClientLoopbackSocketFactory@9bd5838]" daemon [_thread_blocked, id=27384, stack(0x000000caba900000,0x000000cabaa00000)]
  0x0000021e7fc9d8e0 JavaThread "RMI TCP Connection(idle)" daemon [_thread_blocked, id=22688, stack(0x000000cabae00000,0x000000cabaf00000)]
  0x0000021e7f947440 JavaThread "ForkJoinPool-2-worker-1" daemon [_thread_blocked, id=23112, stack(0x000000cabb000000,0x000000cabb100000)]
  0x0000021e7fb3be10 JavaThread "ForkJoinPool-2-worker-2" daemon [_thread_blocked, id=28908, stack(0x000000cabb200000,0x000000cabb300000)]
  0x0000021e76019880 JavaThread "ForkJoinPool-2-worker-3" daemon [_thread_blocked, id=29328, stack(0x000000cabb300000,0x000000cabb400000)]
  0x0000021e76018440 JavaThread "ForkJoinPool-2-worker-4" daemon [_thread_blocked, id=28200, stack(0x000000cabb400000,0x000000cabb500000)]
  0x0000021e79e1f440 JavaThread "ForkJoinPool-2-worker-5" daemon [_thread_blocked, id=38792, stack(0x000000cabb500000,0x000000cabb600000)]
  0x0000021e7758c430 JavaThread "ForkJoinPool-2-worker-6" daemon [_thread_blocked, id=1532, stack(0x000000cabb600000,0x000000cabb700000)]
  0x0000021e0022b5b0 JavaThread "ForkJoinPool-2-worker-7" daemon [_thread_blocked, id=11036, stack(0x000000cabb700000,0x000000cabb800000)]
  0x0000021e7fb3c830 JavaThread "ForkJoinPool-2-worker-8" daemon [_thread_blocked, id=7728, stack(0x000000cabba00000,0x000000cabbb00000)]
  0x0000021e006f1f40 JavaThread "ForkJoinPool-2-worker-9" daemon [_thread_blocked, id=27928, stack(0x000000cabbb00000,0x000000cabbc00000)]
  0x0000021e7fca1090 JavaThread "ForkJoinPool-2-worker-10" daemon [_thread_blocked, id=28796, stack(0x000000cabbc00000,0x000000cabbd00000)]
  0x0000021e7f946f30 JavaThread "ForkJoinPool-2-worker-11" daemon [_thread_blocked, id=34808, stack(0x000000cabbd00000,0x000000cabbe00000)]
  0x0000021e00228310 JavaThread "ForkJoinPool-2-worker-12" daemon [_thread_blocked, id=7416, stack(0x000000cabbe00000,0x000000cabbf00000)]

Other Threads:
  0x0000021e52a08e00 VMThread "VM Thread" [stack: 0x000000caac200000,0x000000caac300000] [id=1952]
  0x0000021e534fcf10 WatcherThread [stack: 0x000000caace00000,0x000000caacf00000] [id=27720]
  0x0000021e34c918b0 GCTaskThread "GC Thread#0" [stack: 0x000000caabd00000,0x000000caabe00000] [id=20644]
  0x0000021e538196d0 GCTaskThread "GC Thread#1" [stack: 0x000000caad000000,0x000000caad100000] [id=36888]
  0x0000021e5385e570 GCTaskThread "GC Thread#2" [stack: 0x000000caad100000,0x000000caad200000] [id=39400]
  0x0000021e73562030 GCTaskThread "GC Thread#3" [stack: 0x000000caad200000,0x000000caad300000] [id=21684]
  0x0000021e73560cf0 GCTaskThread "GC Thread#4" [stack: 0x000000caad300000,0x000000caad400000] [id=38488]
  0x0000021e73560770 GCTaskThread "GC Thread#5" [stack: 0x000000caae200000,0x000000caae300000] [id=38840]
  0x0000021e73561270 GCTaskThread "GC Thread#6" [stack: 0x000000caae300000,0x000000caae400000] [id=34504]
  0x0000021e73560fb0 GCTaskThread "GC Thread#7" [stack: 0x000000caae400000,0x000000caae500000] [id=34824]
  0x0000021e73561530 GCTaskThread "GC Thread#8" [stack: 0x000000caae500000,0x000000caae600000] [id=38028]
  0x0000021e735617f0 GCTaskThread "GC Thread#9" [stack: 0x000000caae600000,0x000000caae700000] [id=36060]
  0x0000021e34ca25b0 ConcurrentGCThread "G1 Main Marker" [stack: 0x000000caabe00000,0x000000caabf00000] [id=18988]
  0x0000021e34ca48f0 ConcurrentGCThread "G1 Conc#0" [stack: 0x000000caabf00000,0x000000caac000000] [id=18104]
  0x0000021e73560a30 ConcurrentGCThread "G1 Conc#1" [stack: 0x000000caae900000,0x000000caaea00000] [id=35912]
  0x0000021e73561d70 ConcurrentGCThread "G1 Conc#2" [stack: 0x000000caaea00000,0x000000caaeb00000] [id=34716]
  0x0000021e34cfd790 ConcurrentGCThread "G1 Refine#0" [stack: 0x000000caac000000,0x000000caac100000] [id=24508]
  0x0000021e53688750 ConcurrentGCThread "G1 Refine#1" [stack: 0x000000caad400000,0x000000caad500000] [id=33188]
  0x0000021e792743e0 ConcurrentGCThread "G1 Refine#2" [stack: 0x000000caafe00000,0x000000caaff00000] [id=36428]
  0x0000021e79bf34f0 ConcurrentGCThread "G1 Refine#3" [stack: 0x000000cab9000000,0x000000cab9100000] [id=30936]
  0x0000021e012eb400 ConcurrentGCThread "G1 Refine#4" [stack: 0x000000cab9100000,0x000000cab9200000] [id=21556]
  0x0000021e7812f740 ConcurrentGCThread "G1 Refine#5" [stack: 0x000000cab9200000,0x000000cab9300000] [id=32992]
  0x0000021e79bf37e0 ConcurrentGCThread "G1 Refine#6" [stack: 0x000000cab9300000,0x000000cab9400000] [id=30236]
  0x0000021e76c0c880 ConcurrentGCThread "G1 Refine#7" [stack: 0x000000cabc200000,0x000000cabc300000] [id=20748]
  0x0000021e77fadc40 ConcurrentGCThread "G1 Refine#8" [stack: 0x000000cabc300000,0x000000cabc400000] [id=11228]
  0x0000021e02bcd430 ConcurrentGCThread "G1 Refine#9" [stack: 0x000000cabc400000,0x000000cabc500000] [id=22700]
  0x0000021e34cfde70 ConcurrentGCThread "G1 Service" [stack: 0x000000caac100000,0x000000caac200000] [id=37848]

Threads with active compile tasks:
C2 CompilerThread0  23156665 54458 %     4       com.android.tools.r8.dex.A::<init> @ 266 (1779 bytes)

VM state: at safepoint (normal execution)

VM Mutex/Monitor currently owned by a thread:  ([mutex/lock_event])
[0x0000021e34c31b60] Threads_lock - owner thread: 0x0000021e52a08e00
[0x0000021e34c30690] Heap_lock - owner thread: 0x0000021e0022b5b0

Heap address: 0x0000000080000000, size: 2048 MB, Compressed Oops mode: 32-bit

CDS archive(s) mapped at: [0x0000021e54000000-0x0000021e54bd0000-0x0000021e54bd0000), size 12386304, SharedBaseAddress: 0x0000021e54000000, ArchiveRelocationMode: 1.
Compressed class space mapped at: 0x0000021e55000000-0x0000021e6f000000, reserved size: 436207616
Narrow klass base: 0x0000021e54000000, Narrow klass shift: 0, Narrow klass range: 0x100000000

GC Precious Log:
 CPUs: 12 total, 12 available
 Memory: 7525M
 Large Page Support: Disabled
 NUMA Support: Disabled
 Compressed Oops: Enabled (32-bit)
 Heap Region Size: 1M
 Heap Min Capacity: 8M
 Heap Initial Capacity: 118M
 Heap Max Capacity: 2G
 Pre-touch: Disabled
 Parallel Workers: 10
 Concurrent Workers: 3
 Concurrent Refinement Workers: 10
 Periodic GC: Disabled

Heap:
 garbage-first heap   total 1496064K, used 978477K [0x0000000080000000, 0x0000000100000000)
  region size 1024K, 19 young (19456K), 6 survivors (6144K)
 Metaspace       used 197873K, committed 201600K, reserved 622592K
  class space    used 25842K, committed 27584K, reserved 425984K

Heap Regions: E=young(eden), S=young(survivor), O=old, HS=humongous(starts), HC=humongous(continues), CS=collection set, F=free, OA=open archive, CA=closed archive, TAMS=top-at-mark-start (previous, next)
|   0|0x0000000080000000, 0x0000000080100000, 0x0000000080100000|100%|HS|  |TAMS 0x0000000080100000, 0x0000000080100000| Complete 
|   1|0x0000000080100000, 0x0000000080200000, 0x0000000080200000|100%|HC|  |TAMS 0x0000000080200000, 0x0000000080200000| Complete 
|   2|0x0000000080200000, 0x0000000080300000, 0x0000000080300000|100%|HC|  |TAMS 0x0000000080300000, 0x0000000080300000| Complete 
|   3|0x0000000080300000, 0x00000000803ffff8, 0x0000000080400000| 99%| O|  |TAMS 0x00000000803ffff8, 0x00000000803ffff8| Untracked 
|   4|0x0000000080400000, 0x00000000804fffb8, 0x0000000080500000| 99%| O|  |TAMS 0x00000000804fffb8, 0x00000000804fffb8| Untracked 
|   5|0x0000000080500000, 0x00000000805fffc8, 0x0000000080600000| 99%| O|  |TAMS 0x00000000805fffc8, 0x00000000805fffc8| Untracked 
|   6|0x0000000080600000, 0x0000000080700000, 0x0000000080700000|100%|HS|  |TAMS 0x0000000080700000, 0x0000000080700000| Complete 
|   7|0x0000000080700000, 0x0000000080800000, 0x0000000080800000|100%| O|  |TAMS 0x0000000080800000, 0x0000000080800000| Untracked 
|   8|0x0000000080800000, 0x0000000080900000, 0x0000000080900000|100%| O|  |TAMS 0x0000000080900000, 0x0000000080900000| Untracked 
|   9|0x0000000080900000, 0x0000000080a00000, 0x0000000080a00000|100%| O|  |TAMS 0x0000000080a00000, 0x0000000080a00000| Untracked 
|  10|0x0000000080a00000, 0x0000000080b00000, 0x0000000080b00000|100%| O|  |TAMS 0x0000000080b00000, 0x0000000080b00000| Untracked 
|  11|0x0000000080b00000, 0x0000000080c00000, 0x0000000080c00000|100%| O|  |TAMS 0x0000000080c00000, 0x0000000080c00000| Untracked 
|  12|0x0000000080c00000, 0x0000000080cffff8, 0x0000000080d00000| 99%| O|  |TAMS 0x0000000080cffff8, 0x0000000080cffff8| Untracked 
|  13|0x0000000080d00000, 0x0000000080e00000, 0x0000000080e00000|100%| O|  |TAMS 0x0000000080e00000, 0x0000000080e00000| Untracked 
|  14|0x0000000080e00000, 0x0000000080effff8, 0x0000000080f00000| 99%| O|  |TAMS 0x0000000080effff8, 0x0000000080effff8| Untracked 
|  15|0x0000000080f00000, 0x0000000080fffff0, 0x0000000081000000| 99%| O|  |TAMS 0x0000000080fffff0, 0x0000000080fffff0| Untracked 
|  16|0x0000000081000000, 0x0000000081100000, 0x0000000081100000|100%| O|  |TAMS 0x0000000081100000, 0x0000000081100000| Untracked 
|  17|0x0000000081100000, 0x00000000811fffd0, 0x0000000081200000| 99%| O|  |TAMS 0x00000000811fffd0, 0x00000000811fffd0| Untracked 
|  18|0x0000000081200000, 0x00000000812ffff8, 0x0000000081300000| 99%| O|  |TAMS 0x00000000812ffff8, 0x00000000812ffff8| Untracked 
|  19|0x0000000081300000, 0x00000000813fffe0, 0x0000000081400000| 99%| O|  |TAMS 0x00000000813fffe0, 0x00000000813fffe0| Untracked 
|  20|0x0000000081400000, 0x00000000814ffff0, 0x0000000081500000| 99%| O|  |TAMS 0x00000000814ffff0, 0x00000000814ffff0| Untracked 
|  21|0x0000000081500000, 0x00000000815fff60, 0x0000000081600000| 99%| O|  |TAMS 0x00000000815fff60, 0x00000000815fff60| Untracked 
|  22|0x0000000081600000, 0x00000000816fbf10, 0x0000000081700000| 98%| O|  |TAMS 0x00000000816fbf10, 0x00000000816fbf10| Untracked 
|  23|0x0000000081700000, 0x00000000817fffc8, 0x0000000081800000| 99%| O|  |TAMS 0x00000000817fffc8, 0x00000000817fffc8| Untracked 
|  24|0x0000000081800000, 0x00000000818fffd0, 0x0000000081900000| 99%| O|  |TAMS 0x00000000818fffd0, 0x00000000818fffd0| Untracked 
|  25|0x0000000081900000, 0x00000000819ffff8, 0x0000000081a00000| 99%| O|  |TAMS 0x00000000819ffff8, 0x00000000819ffff8| Untracked 
|  26|0x0000000081a00000, 0x0000000081afffc8, 0x0000000081b00000| 99%| O|  |TAMS 0x0000000081afffc8, 0x0000000081afffc8| Untracked 
|  27|0x0000000081b00000, 0x0000000081bffff8, 0x0000000081c00000| 99%| O|  |TAMS 0x0000000081bffff8, 0x0000000081bffff8| Untracked 
|  28|0x0000000081c00000, 0x0000000081cfffb8, 0x0000000081d00000| 99%| O|  |TAMS 0x0000000081cfffb8, 0x0000000081cfffb8| Untracked 
|  29|0x0000000081d00000, 0x0000000081e00000, 0x0000000081e00000|100%| O|  |TAMS 0x0000000081e00000, 0x0000000081e00000| Untracked 
|  30|0x0000000081e00000, 0x0000000081efffe8, 0x0000000081f00000| 99%| O|  |TAMS 0x0000000081efffe8, 0x0000000081efffe8| Untracked 
|  31|0x0000000081f00000, 0x0000000081fff028, 0x0000000082000000| 99%| O|  |TAMS 0x0000000081fff028, 0x0000000081fff028| Untracked 
|  32|0x0000000082000000, 0x00000000820fd6d8, 0x0000000082100000| 98%| O|  |TAMS 0x00000000820fd6d8, 0x00000000820fd6d8| Untracked 
|  33|0x0000000082100000, 0x00000000821fffe8, 0x0000000082200000| 99%| O|  |TAMS 0x00000000821fffe8, 0x00000000821fffe8| Untracked 
|  34|0x0000000082200000, 0x00000000822ffff8, 0x0000000082300000| 99%| O|  |TAMS 0x00000000822ffff8, 0x00000000822ffff8| Untracked 
|  35|0x0000000082300000, 0x0000000082400000, 0x0000000082400000|100%| O|  |TAMS 0x0000000082400000, 0x0000000082400000| Untracked 
|  36|0x0000000082400000, 0x00000000824fb818, 0x0000000082500000| 98%| O|  |TAMS 0x00000000824fb818, 0x00000000824fb818| Untracked 
|  37|0x0000000082500000, 0x00000000825fffd8, 0x0000000082600000| 99%| O|  |TAMS 0x00000000825fffd8, 0x00000000825fffd8| Untracked 
|  38|0x0000000082600000, 0x00000000826fffe0, 0x0000000082700000| 99%| O|  |TAMS 0x00000000826fffe0, 0x00000000826fffe0| Untracked 
|  39|0x0000000082700000, 0x00000000827fffe8, 0x0000000082800000| 99%| O|  |TAMS 0x00000000827fffe8, 0x00000000827fffe8| Untracked 
|  40|0x0000000082800000, 0x00000000828ffff8, 0x0000000082900000| 99%| O|  |TAMS 0x00000000828ffff8, 0x00000000828ffff8| Untracked 
|  41|0x0000000082900000, 0x00000000829ce270, 0x0000000082a00000| 80%| O|  |TAMS 0x00000000829ce270, 0x00000000829ce270| Untracked 
|  42|0x0000000082a00000, 0x0000000082b00000, 0x0000000082b00000|100%|HS|  |TAMS 0x0000000082b00000, 0x0000000082b00000| Complete 
|  43|0x0000000082b00000, 0x0000000082c00000, 0x0000000082c00000|100%|HC|  |TAMS 0x0000000082c00000, 0x0000000082c00000| Complete 
|  44|0x0000000082c00000, 0x0000000082d00000, 0x0000000082d00000|100%|HS|  |TAMS 0x0000000082d00000, 0x0000000082d00000| Complete 
|  45|0x0000000082d00000, 0x0000000082e00000, 0x0000000082e00000|100%|HC|  |TAMS 0x0000000082e00000, 0x0000000082e00000| Complete 
|  46|0x0000000082e00000, 0x0000000082f00000, 0x0000000082f00000|100%|HC|  |TAMS 0x0000000082f00000, 0x0000000082f00000| Complete 
|  47|0x0000000082f00000, 0x0000000083000000, 0x0000000083000000|100%|HS|  |TAMS 0x0000000083000000, 0x0000000083000000| Complete 
|  48|0x0000000083000000, 0x0000000083100000, 0x0000000083100000|100%|HC|  |TAMS 0x0000000083100000, 0x0000000083100000| Complete 
|  49|0x0000000083100000, 0x00000000831fffe0, 0x0000000083200000| 99%| O|  |TAMS 0x00000000831fffe0, 0x00000000831fffe0| Untracked 
|  50|0x0000000083200000, 0x0000000083300000, 0x0000000083300000|100%| O|  |TAMS 0x0000000083300000, 0x0000000083300000| Untracked 
|  51|0x0000000083300000, 0x00000000833f44a8, 0x0000000083400000| 95%| O|  |TAMS 0x00000000833f44a8, 0x00000000833f44a8| Untracked 
|  52|0x0000000083400000, 0x00000000834fffe8, 0x0000000083500000| 99%| O|  |TAMS 0x00000000834fffe8, 0x00000000834fffe8| Untracked 
|  53|0x0000000083500000, 0x0000000083600000, 0x0000000083600000|100%| O|  |TAMS 0x0000000083600000, 0x0000000083600000| Untracked 
|  54|0x0000000083600000, 0x00000000836fc0f0, 0x0000000083700000| 98%| O|  |TAMS 0x00000000836fc0f0, 0x00000000836fc0f0| Untracked 
|  55|0x0000000083700000, 0x00000000837ffd68, 0x0000000083800000| 99%| O|  |TAMS 0x00000000837ffd68, 0x00000000837ffd68| Untracked 
|  56|0x0000000083800000, 0x00000000838fffd8, 0x0000000083900000| 99%| O|  |TAMS 0x00000000838fffd8, 0x00000000838fffd8| Untracked 
|  57|0x0000000083900000, 0x0000000083a00000, 0x0000000083a00000|100%|HS|  |TAMS 0x0000000083a00000, 0x0000000083a00000| Complete 
|  58|0x0000000083a00000, 0x0000000083b00000, 0x0000000083b00000|100%|HC|  |TAMS 0x0000000083b00000, 0x0000000083b00000| Complete 
|  59|0x0000000083b00000, 0x0000000083c00000, 0x0000000083c00000|100%|HC|  |TAMS 0x0000000083c00000, 0x0000000083c00000| Complete 
|  60|0x0000000083c00000, 0x0000000083cfffc0, 0x0000000083d00000| 99%| O|  |TAMS 0x0000000083cfffc0, 0x0000000083cfffc0| Untracked 
|  61|0x0000000083d00000, 0x0000000083dfffe0, 0x0000000083e00000| 99%| O|  |TAMS 0x0000000083dfffe0, 0x0000000083dfffe0| Untracked 
|  62|0x0000000083e00000, 0x0000000083f00000, 0x0000000083f00000|100%| O|  |TAMS 0x0000000083f00000, 0x0000000083f00000| Untracked 
|  63|0x0000000083f00000, 0x0000000084000000, 0x0000000084000000|100%| O|  |TAMS 0x0000000084000000, 0x0000000084000000| Untracked 
|  64|0x0000000084000000, 0x0000000084100000, 0x0000000084100000|100%| O|  |TAMS 0x0000000084100000, 0x0000000084100000| Untracked 
|  65|0x0000000084100000, 0x0000000084200000, 0x0000000084200000|100%| O|  |TAMS 0x0000000084200000, 0x0000000084200000| Untracked 
|  66|0x0000000084200000, 0x0000000084300000, 0x0000000084300000|100%|HS|  |TAMS 0x0000000084300000, 0x0000000084300000| Complete 
|  67|0x0000000084300000, 0x0000000084400000, 0x0000000084400000|100%|HS|  |TAMS 0x0000000084400000, 0x0000000084400000| Complete 
|  68|0x0000000084400000, 0x0000000084500000, 0x0000000084500000|100%| O|  |TAMS 0x0000000084500000, 0x0000000084500000| Untracked 
|  69|0x0000000084500000, 0x00000000845ffff8, 0x0000000084600000| 99%| O|  |TAMS 0x00000000845ffff8, 0x00000000845ffff8| Untracked 
|  70|0x0000000084600000, 0x00000000846ffff0, 0x0000000084700000| 99%| O|  |TAMS 0x00000000846ffff0, 0x00000000846ffff0| Untracked 
|  71|0x0000000084700000, 0x00000000847fff80, 0x0000000084800000| 99%| O|  |TAMS 0x00000000847fff80, 0x00000000847fff80| Untracked 
|  72|0x0000000084800000, 0x0000000084900000, 0x0000000084900000|100%| O|  |TAMS 0x0000000084900000, 0x0000000084900000| Untracked 
|  73|0x0000000084900000, 0x00000000849f0270, 0x0000000084a00000| 93%| O|  |TAMS 0x00000000849f0270, 0x00000000849f0270| Untracked 
|  74|0x0000000084a00000, 0x0000000084b00000, 0x0000000084b00000|100%|HS|  |TAMS 0x0000000084b00000, 0x0000000084b00000| Complete 
|  75|0x0000000084b00000, 0x0000000084c00000, 0x0000000084c00000|100%|HS|  |TAMS 0x0000000084c00000, 0x0000000084c00000| Complete 
|  76|0x0000000084c00000, 0x0000000084d00000, 0x0000000084d00000|100%|HS|  |TAMS 0x0000000084d00000, 0x0000000084d00000| Complete 
|  77|0x0000000084d00000, 0x0000000084dd55e0, 0x0000000084e00000| 83%| O|  |TAMS 0x0000000084dd55e0, 0x0000000084dd55e0| Untracked 
|  78|0x0000000084e00000, 0x0000000084effff8, 0x0000000084f00000| 99%| O|  |TAMS 0x0000000084effff8, 0x0000000084effff8| Untracked 
|  79|0x0000000084f00000, 0x0000000084fffff0, 0x0000000085000000| 99%| O|  |TAMS 0x0000000084fffff0, 0x0000000084fffff0| Untracked 
|  80|0x0000000085000000, 0x00000000850fffd8, 0x0000000085100000| 99%| O|  |TAMS 0x00000000850fffd8, 0x00000000850fffd8| Untracked 
|  81|0x0000000085100000, 0x00000000851ec8f8, 0x0000000085200000| 92%| O|  |TAMS 0x00000000851ec8f8, 0x00000000851ec8f8| Untracked 
|  82|0x0000000085200000, 0x00000000852fff68, 0x0000000085300000| 99%| O|  |TAMS 0x00000000852fff68, 0x00000000852fff68| Untracked 
|  83|0x0000000085300000, 0x00000000853ffff8, 0x0000000085400000| 99%| O|  |TAMS 0x00000000853ffff8, 0x00000000853ffff8| Untracked 
|  84|0x0000000085400000, 0x00000000854ffff8, 0x0000000085500000| 99%| O|  |TAMS 0x00000000854ffff8, 0x00000000854ffff8| Untracked 
|  85|0x0000000085500000, 0x00000000855fffd8, 0x0000000085600000| 99%| O|  |TAMS 0x00000000855fffd8, 0x00000000855fffd8| Untracked 
|  86|0x0000000085600000, 0x0000000085700000, 0x0000000085700000|100%|HS|  |TAMS 0x0000000085700000, 0x0000000085700000| Complete 
|  87|0x0000000085700000, 0x0000000085800000, 0x0000000085800000|100%|HS|  |TAMS 0x0000000085800000, 0x0000000085800000| Complete 
|  88|0x0000000085800000, 0x0000000085900000, 0x0000000085900000|100%|HS|  |TAMS 0x0000000085900000, 0x0000000085900000| Complete 
|  89|0x0000000085900000, 0x0000000085a00000, 0x0000000085a00000|100%|HS|  |TAMS 0x0000000085a00000, 0x0000000085a00000| Complete 
|  90|0x0000000085a00000, 0x0000000085b00000, 0x0000000085b00000|100%| O|  |TAMS 0x0000000085b00000, 0x0000000085b00000| Untracked 
|  91|0x0000000085b00000, 0x0000000085c00000, 0x0000000085c00000|100%|HS|  |TAMS 0x0000000085c00000, 0x0000000085c00000| Complete 
|  92|0x0000000085c00000, 0x0000000085d00000, 0x0000000085d00000|100%|HS|  |TAMS 0x0000000085d00000, 0x0000000085d00000| Complete 
|  93|0x0000000085d00000, 0x0000000085e00000, 0x0000000085e00000|100%| O|  |TAMS 0x0000000085e00000, 0x0000000085e00000| Untracked 
|  94|0x0000000085e00000, 0x0000000085ef5e90, 0x0000000085f00000| 96%| O|  |TAMS 0x0000000085ef5e90, 0x0000000085ef5e90| Untracked 
|  95|0x0000000085f00000, 0x0000000085fffff0, 0x0000000086000000| 99%| O|  |TAMS 0x0000000085fffff0, 0x0000000085fffff0| Untracked 
|  96|0x0000000086000000, 0x00000000860fffd0, 0x0000000086100000| 99%| O|  |TAMS 0x00000000860fffd0, 0x00000000860fffd0| Untracked 
|  97|0x0000000086100000, 0x00000000861d3848, 0x0000000086200000| 82%| O|  |TAMS 0x00000000861d3848, 0x00000000861d3848| Untracked 
|  98|0x0000000086200000, 0x0000000086300000, 0x0000000086300000|100%| O|  |TAMS 0x0000000086300000, 0x0000000086300000| Untracked 
|  99|0x0000000086300000, 0x00000000863ed828, 0x0000000086400000| 92%| O|  |TAMS 0x00000000863ed828, 0x00000000863ed828| Untracked 
| 100|0x0000000086400000, 0x0000000086500000, 0x0000000086500000|100%|HS|  |TAMS 0x0000000086500000, 0x0000000086500000| Complete 
| 101|0x0000000086500000, 0x00000000865f88f0, 0x0000000086600000| 97%| O|  |TAMS 0x00000000865f88f0, 0x00000000865f88f0| Untracked 
| 102|0x0000000086600000, 0x00000000866ffff8, 0x0000000086700000| 99%| O|  |TAMS 0x00000000866ffff8, 0x00000000866ffff8| Untracked 
| 103|0x0000000086700000, 0x00000000867ffff8, 0x0000000086800000| 99%| O|  |TAMS 0x00000000867ffff8, 0x00000000867ffff8| Untracked 
| 104|0x0000000086800000, 0x00000000868c05c0, 0x0000000086900000| 75%| O|  |TAMS 0x00000000868c05c0, 0x00000000868c05c0| Untracked 
| 105|0x0000000086900000, 0x00000000869fffe0, 0x0000000086a00000| 99%| O|  |TAMS 0x00000000869fffe0, 0x00000000869fffe0| Untracked 
| 106|0x0000000086a00000, 0x0000000086b00000, 0x0000000086b00000|100%|HS|  |TAMS 0x0000000086b00000, 0x0000000086b00000| Complete 
| 107|0x0000000086b00000, 0x0000000086bfffe8, 0x0000000086c00000| 99%| O|  |TAMS 0x0000000086bfffe8, 0x0000000086bfffe8| Untracked 
| 108|0x0000000086c00000, 0x0000000086d00000, 0x0000000086d00000|100%|HS|  |TAMS 0x0000000086d00000, 0x0000000086d00000| Complete 
| 109|0x0000000086d00000, 0x0000000086e00000, 0x0000000086e00000|100%|HC|  |TAMS 0x0000000086e00000, 0x0000000086e00000| Complete 
| 110|0x0000000086e00000, 0x0000000086effff8, 0x0000000086f00000| 99%| O|  |TAMS 0x0000000086effff8, 0x0000000086effff8| Untracked 
| 111|0x0000000086f00000, 0x0000000087000000, 0x0000000087000000|100%| O|  |TAMS 0x0000000087000000, 0x0000000087000000| Untracked 
| 112|0x0000000087000000, 0x00000000870fffd0, 0x0000000087100000| 99%| O|  |TAMS 0x00000000870fffd0, 0x00000000870fffd0| Untracked 
| 113|0x0000000087100000, 0x00000000871ffff0, 0x0000000087200000| 99%| O|  |TAMS 0x00000000871ffff0, 0x00000000871ffff0| Untracked 
| 114|0x0000000087200000, 0x00000000872fd600, 0x0000000087300000| 98%| O|  |TAMS 0x00000000872fd600, 0x00000000872fd600| Untracked 
| 115|0x0000000087300000, 0x00000000873ffff8, 0x0000000087400000| 99%| O|  |TAMS 0x00000000873ffff8, 0x00000000873ffff8| Untracked 
| 116|0x0000000087400000, 0x00000000874fffc0, 0x0000000087500000| 99%| O|  |TAMS 0x00000000874fffc0, 0x00000000874fffc0| Untracked 
| 117|0x0000000087500000, 0x00000000875fffe8, 0x0000000087600000| 99%| O|  |TAMS 0x00000000875fffe8, 0x00000000875fffe8| Untracked 
| 118|0x0000000087600000, 0x0000000087700000, 0x0000000087700000|100%| O|  |TAMS 0x0000000087700000, 0x0000000087700000| Untracked 
| 119|0x0000000087700000, 0x00000000877ffff8, 0x0000000087800000| 99%| O|  |TAMS 0x00000000877ffff8, 0x00000000877ffff8| Untracked 
| 120|0x0000000087800000, 0x00000000878f5a20, 0x0000000087900000| 95%| O|  |TAMS 0x00000000878f5a20, 0x00000000878f5a20| Untracked 
| 121|0x0000000087900000, 0x00000000879fffc0, 0x0000000087a00000| 99%| O|  |TAMS 0x00000000879fffc0, 0x00000000879fffc0| Untracked 
| 122|0x0000000087a00000, 0x0000000087afffe8, 0x0000000087b00000| 99%| O|  |TAMS 0x0000000087afffe8, 0x0000000087afffe8| Untracked 
| 123|0x0000000087b00000, 0x0000000087bfffd8, 0x0000000087c00000| 99%| O|  |TAMS 0x0000000087bfffd8, 0x0000000087bfffd8| Untracked 
| 124|0x0000000087c00000, 0x0000000087ce08a0, 0x0000000087d00000| 87%| O|  |TAMS 0x0000000087ce08a0, 0x0000000087ce08a0| Untracked 
| 125|0x0000000087d00000, 0x0000000087e00000, 0x0000000087e00000|100%|HS|  |TAMS 0x0000000087e00000, 0x0000000087e00000| Complete 
| 126|0x0000000087e00000, 0x0000000087f00000, 0x0000000087f00000|100%|HS|  |TAMS 0x0000000087f00000, 0x0000000087f00000| Complete 
| 127|0x0000000087f00000, 0x0000000088000000, 0x0000000088000000|100%|HC|  |TAMS 0x0000000088000000, 0x0000000088000000| Complete 
| 128|0x0000000088000000, 0x00000000880fffe8, 0x0000000088100000| 99%| O|  |TAMS 0x00000000880fffe8, 0x00000000880fffe8| Untracked 
| 129|0x0000000088100000, 0x0000000088200000, 0x0000000088200000|100%| O|  |TAMS 0x0000000088200000, 0x0000000088200000| Untracked 
| 130|0x0000000088200000, 0x00000000882ffff0, 0x0000000088300000| 99%| O|  |TAMS 0x00000000882ffff0, 0x00000000882ffff0| Untracked 
| 131|0x0000000088300000, 0x00000000883ffff0, 0x0000000088400000| 99%| O|  |TAMS 0x00000000883ffff0, 0x00000000883ffff0| Untracked 
| 132|0x0000000088400000, 0x0000000088500000, 0x0000000088500000|100%| O|  |TAMS 0x0000000088500000, 0x0000000088500000| Untracked 
| 133|0x0000000088500000, 0x0000000088600000, 0x0000000088600000|100%|HS|  |TAMS 0x0000000088600000, 0x0000000088600000| Complete 
| 134|0x0000000088600000, 0x0000000088700000, 0x0000000088700000|100%|HS|  |TAMS 0x0000000088700000, 0x0000000088700000| Complete 
| 135|0x0000000088700000, 0x00000000887ffff0, 0x0000000088800000| 99%| O|  |TAMS 0x00000000887ffff0, 0x00000000887ffff0| Untracked 
| 136|0x0000000088800000, 0x00000000888fffe8, 0x0000000088900000| 99%| O|  |TAMS 0x00000000888fffe8, 0x00000000888fffe8| Untracked 
| 137|0x0000000088900000, 0x00000000889ffff0, 0x0000000088a00000| 99%| O|  |TAMS 0x00000000889ffff0, 0x00000000889ffff0| Untracked 
| 138|0x0000000088a00000, 0x0000000088afffc8, 0x0000000088b00000| 99%| O|  |TAMS 0x0000000088afffc8, 0x0000000088afffc8| Untracked 
| 139|0x0000000088b00000, 0x0000000088bfffe8, 0x0000000088c00000| 99%| O|  |TAMS 0x0000000088bfffe8, 0x0000000088bfffe8| Untracked 
| 140|0x0000000088c00000, 0x0000000088cfffa8, 0x0000000088d00000| 99%| O|  |TAMS 0x0000000088cfffa8, 0x0000000088cfffa8| Untracked 
| 141|0x0000000088d00000, 0x0000000088dfe2f0, 0x0000000088e00000| 99%| O|  |TAMS 0x0000000088dfe2f0, 0x0000000088dfe2f0| Untracked 
| 142|0x0000000088e00000, 0x0000000088effff0, 0x0000000088f00000| 99%| O|  |TAMS 0x0000000088effff0, 0x0000000088effff0| Untracked 
| 143|0x0000000088f00000, 0x0000000088fffff8, 0x0000000089000000| 99%| O|  |TAMS 0x0000000088fffff8, 0x0000000088fffff8| Untracked 
| 144|0x0000000089000000, 0x0000000089100000, 0x0000000089100000|100%| O|  |TAMS 0x0000000089100000, 0x0000000089100000| Untracked 
| 145|0x0000000089100000, 0x00000000891fffd8, 0x0000000089200000| 99%| O|  |TAMS 0x00000000891fffd8, 0x00000000891fffd8| Untracked 
| 146|0x0000000089200000, 0x00000000892fffc8, 0x0000000089300000| 99%| O|  |TAMS 0x00000000892fffc8, 0x00000000892fffc8| Untracked 
| 147|0x0000000089300000, 0x00000000893ffff8, 0x0000000089400000| 99%| O|  |TAMS 0x00000000893ffff8, 0x00000000893ffff8| Untracked 
| 148|0x0000000089400000, 0x00000000894fffd8, 0x0000000089500000| 99%| O|  |TAMS 0x00000000894fffd8, 0x00000000894fffd8| Untracked 
| 149|0x0000000089500000, 0x00000000895ffff8, 0x0000000089600000| 99%| O|  |TAMS 0x00000000895ffff8, 0x00000000895ffff8| Untracked 
| 150|0x0000000089600000, 0x00000000896fff70, 0x0000000089700000| 99%| O|  |TAMS 0x00000000896fff70, 0x00000000896fff70| Untracked 
| 151|0x0000000089700000, 0x00000000897ffff8, 0x0000000089800000| 99%| O|  |TAMS 0x00000000897ffff8, 0x00000000897ffff8| Untracked 
| 152|0x0000000089800000, 0x0000000089900000, 0x0000000089900000|100%| O|  |TAMS 0x0000000089900000, 0x0000000089900000| Untracked 
| 153|0x0000000089900000, 0x0000000089a00000, 0x0000000089a00000|100%| O|  |TAMS 0x0000000089a00000, 0x0000000089a00000| Untracked 
| 154|0x0000000089a00000, 0x0000000089afffb8, 0x0000000089b00000| 99%| O|  |TAMS 0x0000000089afffb8, 0x0000000089afffb8| Untracked 
| 155|0x0000000089b00000, 0x0000000089b464f8, 0x0000000089c00000| 27%| O|  |TAMS 0x0000000089b464f8, 0x0000000089b464f8| Untracked 
| 156|0x0000000089c00000, 0x0000000089c47f90, 0x0000000089d00000| 28%| O|  |TAMS 0x0000000089c47f90, 0x0000000089c47f90| Untracked 
| 157|0x0000000089d00000, 0x0000000089e00000, 0x0000000089e00000|100%|HS|  |TAMS 0x0000000089d00000, 0x0000000089e00000| Complete 
| 158|0x0000000089e00000, 0x0000000089effff8, 0x0000000089f00000| 99%| O|  |TAMS 0x0000000089effff8, 0x0000000089effff8| Untracked 
| 159|0x0000000089f00000, 0x0000000089fa0098, 0x000000008a000000| 62%| O|  |TAMS 0x0000000089fa0098, 0x0000000089fa0098| Untracked 
| 160|0x000000008a000000, 0x000000008a100000, 0x000000008a100000|100%|HS|  |TAMS 0x000000008a000000, 0x000000008a100000| Complete 
| 161|0x000000008a100000, 0x000000008a200000, 0x000000008a200000|100%| O|  |TAMS 0x000000008a100000, 0x000000008a200000| Untracked 
| 162|0x000000008a200000, 0x000000008a300000, 0x000000008a300000|100%| O|  |TAMS 0x000000008a300000, 0x000000008a300000| Untracked 
| 163|0x000000008a300000, 0x000000008a3ffb50, 0x000000008a400000| 99%| O|  |TAMS 0x000000008a3ffb50, 0x000000008a3ffb50| Untracked 
| 164|0x000000008a400000, 0x000000008a500000, 0x000000008a500000|100%| O|  |TAMS 0x000000008a500000, 0x000000008a500000| Untracked 
| 165|0x000000008a500000, 0x000000008a5ffff0, 0x000000008a600000| 99%| O|  |TAMS 0x000000008a5ffff0, 0x000000008a5ffff0| Untracked 
| 166|0x000000008a600000, 0x000000008a6fffb0, 0x000000008a700000| 99%| O|  |TAMS 0x000000008a6fffb0, 0x000000008a6fffb0| Untracked 
| 167|0x000000008a700000, 0x000000008a800000, 0x000000008a800000|100%| O|  |TAMS 0x000000008a700000, 0x000000008a800000| Untracked 
| 168|0x000000008a800000, 0x000000008a8fffd0, 0x000000008a900000| 99%| O|  |TAMS 0x000000008a8fffd0, 0x000000008a8fffd0| Untracked 
| 169|0x000000008a900000, 0x000000008a94eca0, 0x000000008aa00000| 30%| O|  |TAMS 0x000000008a94eca0, 0x000000008a94eca0| Untracked 
| 170|0x000000008aa00000, 0x000000008ab00000, 0x000000008ab00000|100%| O|  |TAMS 0x000000008aa00000, 0x000000008ab00000| Untracked 
| 171|0x000000008ab00000, 0x000000008ac00000, 0x000000008ac00000|100%| O|  |TAMS 0x000000008ab00000, 0x000000008ac00000| Untracked 
| 172|0x000000008ac00000, 0x000000008ad00000, 0x000000008ad00000|100%| O|  |TAMS 0x000000008ac00000, 0x000000008ad00000| Untracked 
| 173|0x000000008ad00000, 0x000000008ae00000, 0x000000008ae00000|100%| O|  |TAMS 0x000000008ad00000, 0x000000008ae00000| Untracked 
| 174|0x000000008ae00000, 0x000000008af00000, 0x000000008af00000|100%| O|  |TAMS 0x000000008ae00000, 0x000000008af00000| Untracked 
| 175|0x000000008af00000, 0x000000008b000000, 0x000000008b000000|100%| O|  |TAMS 0x000000008af00000, 0x000000008b000000| Untracked 
| 176|0x000000008b000000, 0x000000008b0ffff8, 0x000000008b100000| 99%| O|  |TAMS 0x000000008b0ffff8, 0x000000008b0ffff8| Untracked 
| 177|0x000000008b100000, 0x000000008b200000, 0x000000008b200000|100%|HS|  |TAMS 0x000000008b100000, 0x000000008b200000| Complete 
| 178|0x000000008b200000, 0x000000008b2fffe8, 0x000000008b300000| 99%| O|  |TAMS 0x000000008b2fffe8, 0x000000008b2fffe8| Untracked 
| 179|0x000000008b300000, 0x000000008b400000, 0x000000008b400000|100%|HS|  |TAMS 0x000000008b300000, 0x000000008b400000| Complete 
| 180|0x000000008b400000, 0x000000008b500000, 0x000000008b500000|100%| O|  |TAMS 0x000000008b400000, 0x000000008b500000| Untracked 
| 181|0x000000008b500000, 0x000000008b600000, 0x000000008b600000|100%| O|  |TAMS 0x000000008b500000, 0x000000008b600000| Untracked 
| 182|0x000000008b600000, 0x000000008b700000, 0x000000008b700000|100%|HS|  |TAMS 0x000000008b600000, 0x000000008b700000| Complete 
| 183|0x000000008b700000, 0x000000008b800000, 0x000000008b800000|100%| O|  |TAMS 0x000000008b700000, 0x000000008b800000| Untracked 
| 184|0x000000008b800000, 0x000000008b900000, 0x000000008b900000|100%| O|  |TAMS 0x000000008b800000, 0x000000008b900000| Untracked 
| 185|0x000000008b900000, 0x000000008b9fffd8, 0x000000008ba00000| 99%| O|  |TAMS 0x000000008b9fffd8, 0x000000008b9fffd8| Untracked 
| 186|0x000000008ba00000, 0x000000008bb00000, 0x000000008bb00000|100%|HS|  |TAMS 0x000000008ba00000, 0x000000008bb00000| Complete 
| 187|0x000000008bb00000, 0x000000008bc00000, 0x000000008bc00000|100%| O|  |TAMS 0x000000008bb00000, 0x000000008bc00000| Untracked 
| 188|0x000000008bc00000, 0x000000008bcfffe8, 0x000000008bd00000| 99%| O|  |TAMS 0x000000008bcfffe8, 0x000000008bcfffe8| Untracked 
| 189|0x000000008bd00000, 0x000000008be00000, 0x000000008be00000|100%| O|  |TAMS 0x000000008bd00000, 0x000000008be00000| Untracked 
| 190|0x000000008be00000, 0x000000008bf00000, 0x000000008bf00000|100%| O|  |TAMS 0x000000008be00000, 0x000000008bf00000| Untracked 
| 191|0x000000008bf00000, 0x000000008c000000, 0x000000008c000000|100%| O|  |TAMS 0x000000008bf00000, 0x000000008c000000| Untracked 
| 192|0x000000008c000000, 0x000000008c100000, 0x000000008c100000|100%| O|  |TAMS 0x000000008c000000, 0x000000008c100000| Untracked 
| 193|0x000000008c100000, 0x000000008c200000, 0x000000008c200000|100%| O|  |TAMS 0x000000008c100000, 0x000000008c200000| Untracked 
| 194|0x000000008c200000, 0x000000008c300000, 0x000000008c300000|100%| O|  |TAMS 0x000000008c200000, 0x000000008c300000| Untracked 
| 195|0x000000008c300000, 0x000000008c400000, 0x000000008c400000|100%| O|  |TAMS 0x000000008c300000, 0x000000008c400000| Untracked 
| 196|0x000000008c400000, 0x000000008c500000, 0x000000008c500000|100%| O|  |TAMS 0x000000008c400000, 0x000000008c500000| Untracked 
| 197|0x000000008c500000, 0x000000008c600000, 0x000000008c600000|100%| O|  |TAMS 0x000000008c500000, 0x000000008c600000| Untracked 
| 198|0x000000008c600000, 0x000000008c700000, 0x000000008c700000|100%| O|  |TAMS 0x000000008c600000, 0x000000008c700000| Untracked 
| 199|0x000000008c700000, 0x000000008c800000, 0x000000008c800000|100%| O|  |TAMS 0x000000008c700000, 0x000000008c800000| Untracked 
| 200|0x000000008c800000, 0x000000008c900000, 0x000000008c900000|100%| O|  |TAMS 0x000000008c800000, 0x000000008c900000| Untracked 
| 201|0x000000008c900000, 0x000000008ca00000, 0x000000008ca00000|100%| O|  |TAMS 0x000000008c900000, 0x000000008ca00000| Untracked 
| 202|0x000000008ca00000, 0x000000008cb00000, 0x000000008cb00000|100%| O|  |TAMS 0x000000008ca00000, 0x000000008cb00000| Untracked 
| 203|0x000000008cb00000, 0x000000008cc00000, 0x000000008cc00000|100%| O|  |TAMS 0x000000008cb00000, 0x000000008cc00000| Untracked 
| 204|0x000000008cc00000, 0x000000008cd00000, 0x000000008cd00000|100%| O|  |TAMS 0x000000008cc00000, 0x000000008cd00000| Untracked 
| 205|0x000000008cd00000, 0x000000008ce00000, 0x000000008ce00000|100%|HS|  |TAMS 0x000000008cd00000, 0x000000008ce00000| Complete 
| 206|0x000000008ce00000, 0x000000008cf00000, 0x000000008cf00000|100%|HC|  |TAMS 0x000000008ce00000, 0x000000008cf00000| Complete 
| 207|0x000000008cf00000, 0x000000008d000000, 0x000000008d000000|100%|HS|  |TAMS 0x000000008cf00000, 0x000000008d000000| Complete 
| 208|0x000000008d000000, 0x000000008d100000, 0x000000008d100000|100%|HC|  |TAMS 0x000000008d000000, 0x000000008d100000| Complete 
| 209|0x000000008d100000, 0x000000008d200000, 0x000000008d200000|100%| O|  |TAMS 0x000000008d200000, 0x000000008d200000| Untracked 
| 210|0x000000008d200000, 0x000000008d300000, 0x000000008d300000|100%|HS|  |TAMS 0x000000008d200000, 0x000000008d300000| Complete 
| 211|0x000000008d300000, 0x000000008d400000, 0x000000008d400000|100%| O|  |TAMS 0x000000008d400000, 0x000000008d400000| Untracked 
| 212|0x000000008d400000, 0x000000008d500000, 0x000000008d500000|100%| O|  |TAMS 0x000000008d500000, 0x000000008d500000| Untracked 
| 213|0x000000008d500000, 0x000000008d600000, 0x000000008d600000|100%| O|  |TAMS 0x000000008d600000, 0x000000008d600000| Untracked 
| 214|0x000000008d600000, 0x000000008d700000, 0x000000008d700000|100%| O|  |TAMS 0x000000008d700000, 0x000000008d700000| Untracked 
| 215|0x000000008d700000, 0x000000008d800000, 0x000000008d800000|100%| O|  |TAMS 0x000000008d800000, 0x000000008d800000| Untracked 
| 216|0x000000008d800000, 0x000000008d900000, 0x000000008d900000|100%|HS|  |TAMS 0x000000008d800000, 0x000000008d900000| Complete 
| 217|0x000000008d900000, 0x000000008da00000, 0x000000008da00000|100%| O|  |TAMS 0x000000008da00000, 0x000000008da00000| Untracked 
| 218|0x000000008da00000, 0x000000008db00000, 0x000000008db00000|100%| O|  |TAMS 0x000000008db00000, 0x000000008db00000| Untracked 
| 219|0x000000008db00000, 0x000000008dc00000, 0x000000008dc00000|100%| O|  |TAMS 0x000000008dc00000, 0x000000008dc00000| Untracked 
| 220|0x000000008dc00000, 0x000000008dd00000, 0x000000008dd00000|100%| O|  |TAMS 0x000000008dd00000, 0x000000008dd00000| Untracked 
| 221|0x000000008dd00000, 0x000000008de00000, 0x000000008de00000|100%| O|  |TAMS 0x000000008de00000, 0x000000008de00000| Untracked 
| 222|0x000000008de00000, 0x000000008deffff8, 0x000000008df00000| 99%| O|  |TAMS 0x000000008deffff8, 0x000000008deffff8| Untracked 
| 223|0x000000008df00000, 0x000000008e000000, 0x000000008e000000|100%| O|  |TAMS 0x000000008e000000, 0x000000008e000000| Untracked 
| 224|0x000000008e000000, 0x000000008e100000, 0x000000008e100000|100%|HS|  |TAMS 0x000000008e000000, 0x000000008e100000| Complete 
| 225|0x000000008e100000, 0x000000008e200000, 0x000000008e200000|100%| O|  |TAMS 0x000000008e200000, 0x000000008e200000| Untracked 
| 226|0x000000008e200000, 0x000000008e300000, 0x000000008e300000|100%| O|  |TAMS 0x000000008e300000, 0x000000008e300000| Untracked 
| 227|0x000000008e300000, 0x000000008e400000, 0x000000008e400000|100%| O|  |TAMS 0x000000008e400000, 0x000000008e400000| Untracked 
| 228|0x000000008e400000, 0x000000008e500000, 0x000000008e500000|100%| O|  |TAMS 0x000000008e500000, 0x000000008e500000| Untracked 
| 229|0x000000008e500000, 0x000000008e600000, 0x000000008e600000|100%| O|  |TAMS 0x000000008e600000, 0x000000008e600000| Untracked 
| 230|0x000000008e600000, 0x000000008e700000, 0x000000008e700000|100%| O|  |TAMS 0x000000008e700000, 0x000000008e700000| Untracked 
| 231|0x000000008e700000, 0x000000008e800000, 0x000000008e800000|100%| O|  |TAMS 0x000000008e800000, 0x000000008e800000| Untracked 
| 232|0x000000008e800000, 0x000000008e900000, 0x000000008e900000|100%|HS|  |TAMS 0x000000008e800000, 0x000000008e900000| Complete 
| 233|0x000000008e900000, 0x000000008e9ba440, 0x000000008ea00000| 72%| O|  |TAMS 0x000000008e9ba440, 0x000000008e9ba440| Untracked 
| 234|0x000000008ea00000, 0x000000008eb00000, 0x000000008eb00000|100%| O|  |TAMS 0x000000008eb00000, 0x000000008eb00000| Untracked 
| 235|0x000000008eb00000, 0x000000008ec00000, 0x000000008ec00000|100%|HS|  |TAMS 0x000000008eb00000, 0x000000008ec00000| Complete 
| 236|0x000000008ec00000, 0x000000008ed00000, 0x000000008ed00000|100%|HC|  |TAMS 0x000000008ec00000, 0x000000008ed00000| Complete 
| 237|0x000000008ed00000, 0x000000008ee00000, 0x000000008ee00000|100%| O|  |TAMS 0x000000008ee00000, 0x000000008ee00000| Untracked 
| 238|0x000000008ee00000, 0x000000008ef00000, 0x000000008ef00000|100%| O|  |TAMS 0x000000008ef00000, 0x000000008ef00000| Untracked 
| 239|0x000000008ef00000, 0x000000008f000000, 0x000000008f000000|100%|HS|  |TAMS 0x000000008ef00000, 0x000000008f000000| Complete 
| 240|0x000000008f000000, 0x000000008f100000, 0x000000008f100000|100%| O|  |TAMS 0x000000008f100000, 0x000000008f100000| Untracked 
| 241|0x000000008f100000, 0x000000008f200000, 0x000000008f200000|100%| O|  |TAMS 0x000000008f200000, 0x000000008f200000| Untracked 
| 242|0x000000008f200000, 0x000000008f300000, 0x000000008f300000|100%| O|  |TAMS 0x000000008f300000, 0x000000008f300000| Untracked 
| 243|0x000000008f300000, 0x000000008f400000, 0x000000008f400000|100%| O|  |TAMS 0x000000008f400000, 0x000000008f400000| Untracked 
| 244|0x000000008f400000, 0x000000008f500000, 0x000000008f500000|100%| O|  |TAMS 0x000000008f500000, 0x000000008f500000| Untracked 
| 245|0x000000008f500000, 0x000000008f600000, 0x000000008f600000|100%| O|  |TAMS 0x000000008f600000, 0x000000008f600000| Untracked 
| 246|0x000000008f600000, 0x000000008f700000, 0x000000008f700000|100%| O|  |TAMS 0x000000008f700000, 0x000000008f700000| Untracked 
| 247|0x000000008f700000, 0x000000008f800000, 0x000000008f800000|100%| O|  |TAMS 0x000000008f800000, 0x000000008f800000| Untracked 
| 248|0x000000008f800000, 0x000000008f900000, 0x000000008f900000|100%| O|  |TAMS 0x000000008f900000, 0x000000008f900000| Untracked 
| 249|0x000000008f900000, 0x000000008fa00000, 0x000000008fa00000|100%| O|  |TAMS 0x000000008fa00000, 0x000000008fa00000| Untracked 
| 250|0x000000008fa00000, 0x000000008fb00000, 0x000000008fb00000|100%| O|  |TAMS 0x000000008fb00000, 0x000000008fb00000| Untracked 
| 251|0x000000008fb00000, 0x000000008fc00000, 0x000000008fc00000|100%| O|  |TAMS 0x000000008fc00000, 0x000000008fc00000| Untracked 
| 252|0x000000008fc00000, 0x000000008fd00000, 0x000000008fd00000|100%| O|  |TAMS 0x000000008fd00000, 0x000000008fd00000| Untracked 
| 253|0x000000008fd00000, 0x000000008fe00000, 0x000000008fe00000|100%| O|  |TAMS 0x000000008fe00000, 0x000000008fe00000| Untracked 
| 254|0x000000008fe00000, 0x000000008ff00000, 0x000000008ff00000|100%| O|  |TAMS 0x000000008ff00000, 0x000000008ff00000| Untracked 
| 255|0x000000008ff00000, 0x0000000090000000, 0x0000000090000000|100%|HS|  |TAMS 0x0000000090000000, 0x0000000090000000| Complete 
| 256|0x0000000090000000, 0x0000000090100000, 0x0000000090100000|100%|HS|  |TAMS 0x0000000090100000, 0x0000000090100000| Complete 
| 257|0x0000000090100000, 0x0000000090200000, 0x0000000090200000|100%| O|  |TAMS 0x0000000090200000, 0x0000000090200000| Untracked 
| 258|0x0000000090200000, 0x0000000090300000, 0x0000000090300000|100%| O|  |TAMS 0x0000000090300000, 0x0000000090300000| Untracked 
| 259|0x0000000090300000, 0x0000000090400000, 0x0000000090400000|100%| O|  |TAMS 0x0000000090400000, 0x0000000090400000| Untracked 
| 260|0x0000000090400000, 0x0000000090500000, 0x0000000090500000|100%|HS|  |TAMS 0x0000000090400000, 0x0000000090500000| Complete 
| 261|0x0000000090500000, 0x0000000090600000, 0x0000000090600000|100%| O|  |TAMS 0x0000000090600000, 0x0000000090600000| Untracked 
| 262|0x0000000090600000, 0x0000000090700000, 0x0000000090700000|100%| O|  |TAMS 0x0000000090700000, 0x0000000090700000| Untracked 
| 263|0x0000000090700000, 0x0000000090800000, 0x0000000090800000|100%|HS|  |TAMS 0x0000000090700000, 0x0000000090800000| Complete 
| 264|0x0000000090800000, 0x0000000090900000, 0x0000000090900000|100%| O|  |TAMS 0x0000000090900000, 0x0000000090900000| Untracked 
| 265|0x0000000090900000, 0x0000000090a00000, 0x0000000090a00000|100%| O|  |TAMS 0x0000000090a00000, 0x0000000090a00000| Untracked 
| 266|0x0000000090a00000, 0x0000000090b00000, 0x0000000090b00000|100%|HS|  |TAMS 0x0000000090a00000, 0x0000000090b00000| Complete 
| 267|0x0000000090b00000, 0x0000000090c00000, 0x0000000090c00000|100%|HC|  |TAMS 0x0000000090b00000, 0x0000000090c00000| Complete 
| 268|0x0000000090c00000, 0x0000000090d00000, 0x0000000090d00000|100%|HS|  |TAMS 0x0000000090c00000, 0x0000000090d00000| Complete 
| 269|0x0000000090d00000, 0x0000000090e00000, 0x0000000090e00000|100%|HC|  |TAMS 0x0000000090d00000, 0x0000000090e00000| Complete 
| 270|0x0000000090e00000, 0x0000000090f00000, 0x0000000090f00000|100%|HS|  |TAMS 0x0000000090e00000, 0x0000000090f00000| Complete 
| 271|0x0000000090f00000, 0x0000000091000000, 0x0000000091000000|100%| O|  |TAMS 0x0000000091000000, 0x0000000091000000| Untracked 
| 272|0x0000000091000000, 0x0000000091100000, 0x0000000091100000|100%| O|  |TAMS 0x0000000091100000, 0x0000000091100000| Untracked 
| 273|0x0000000091100000, 0x0000000091200000, 0x0000000091200000|100%| O|  |TAMS 0x0000000091200000, 0x0000000091200000| Untracked 
| 274|0x0000000091200000, 0x0000000091300000, 0x0000000091300000|100%| O|  |TAMS 0x0000000091300000, 0x0000000091300000| Untracked 
| 275|0x0000000091300000, 0x0000000091400000, 0x0000000091400000|100%| O|  |TAMS 0x0000000091400000, 0x0000000091400000| Untracked 
| 276|0x0000000091400000, 0x0000000091464638, 0x0000000091500000| 39%| O|  |TAMS 0x0000000091464638, 0x0000000091464638| Untracked 
| 277|0x0000000091500000, 0x0000000091600000, 0x0000000091600000|100%|HS|  |TAMS 0x0000000091500000, 0x0000000091600000| Complete 
| 278|0x0000000091600000, 0x0000000091700000, 0x0000000091700000|100%|HS|  |TAMS 0x0000000091600000, 0x0000000091700000| Complete 
| 279|0x0000000091700000, 0x0000000091800000, 0x0000000091800000|100%| O|  |TAMS 0x0000000091800000, 0x0000000091800000| Untracked 
| 280|0x0000000091800000, 0x0000000091900000, 0x0000000091900000|100%| O|  |TAMS 0x0000000091900000, 0x0000000091900000| Untracked 
| 281|0x0000000091900000, 0x0000000091a00000, 0x0000000091a00000|100%| O|  |TAMS 0x0000000091a00000, 0x0000000091a00000| Untracked 
| 282|0x0000000091a00000, 0x0000000091b00000, 0x0000000091b00000|100%| O|  |TAMS 0x0000000091b00000, 0x0000000091b00000| Untracked 
| 283|0x0000000091b00000, 0x0000000091c00000, 0x0000000091c00000|100%| O|  |TAMS 0x0000000091c00000, 0x0000000091c00000| Untracked 
| 284|0x0000000091c00000, 0x0000000091d00000, 0x0000000091d00000|100%| O|  |TAMS 0x0000000091d00000, 0x0000000091d00000| Untracked 
| 285|0x0000000091d00000, 0x0000000091e00000, 0x0000000091e00000|100%| O|  |TAMS 0x0000000091e00000, 0x0000000091e00000| Untracked 
| 286|0x0000000091e00000, 0x0000000091f00000, 0x0000000091f00000|100%| O|  |TAMS 0x0000000091f00000, 0x0000000091f00000| Untracked 
| 287|0x0000000091f00000, 0x0000000092000000, 0x0000000092000000|100%| O|  |TAMS 0x0000000092000000, 0x0000000092000000| Untracked 
| 288|0x0000000092000000, 0x0000000092100000, 0x0000000092100000|100%| O|  |TAMS 0x0000000092100000, 0x0000000092100000| Untracked 
| 289|0x0000000092100000, 0x0000000092200000, 0x0000000092200000|100%| O|  |TAMS 0x0000000092200000, 0x0000000092200000| Untracked 
| 290|0x0000000092200000, 0x0000000092300000, 0x0000000092300000|100%| O|  |TAMS 0x0000000092300000, 0x0000000092300000| Untracked 
| 291|0x0000000092300000, 0x0000000092400000, 0x0000000092400000|100%| O|  |TAMS 0x0000000092400000, 0x0000000092400000| Untracked 
| 292|0x0000000092400000, 0x0000000092500000, 0x0000000092500000|100%| O|  |TAMS 0x0000000092500000, 0x0000000092500000| Untracked 
| 293|0x0000000092500000, 0x0000000092600000, 0x0000000092600000|100%| O|  |TAMS 0x0000000092600000, 0x0000000092600000| Untracked 
| 294|0x0000000092600000, 0x0000000092700000, 0x0000000092700000|100%| O|  |TAMS 0x0000000092700000, 0x0000000092700000| Untracked 
| 295|0x0000000092700000, 0x0000000092800000, 0x0000000092800000|100%| O|  |TAMS 0x0000000092800000, 0x0000000092800000| Untracked 
| 296|0x0000000092800000, 0x0000000092900000, 0x0000000092900000|100%| O|  |TAMS 0x0000000092900000, 0x0000000092900000| Untracked 
| 297|0x0000000092900000, 0x0000000092a00000, 0x0000000092a00000|100%| O|  |TAMS 0x0000000092a00000, 0x0000000092a00000| Untracked 
| 298|0x0000000092a00000, 0x0000000092b00000, 0x0000000092b00000|100%| O|  |TAMS 0x0000000092b00000, 0x0000000092b00000| Untracked 
| 299|0x0000000092b00000, 0x0000000092c00000, 0x0000000092c00000|100%| O|  |TAMS 0x0000000092c00000, 0x0000000092c00000| Untracked 
| 300|0x0000000092c00000, 0x0000000092d00000, 0x0000000092d00000|100%| O|  |TAMS 0x0000000092d00000, 0x0000000092d00000| Untracked 
| 301|0x0000000092d00000, 0x0000000092e00000, 0x0000000092e00000|100%| O|  |TAMS 0x0000000092e00000, 0x0000000092e00000| Untracked 
| 302|0x0000000092e00000, 0x0000000092f00000, 0x0000000092f00000|100%| O|  |TAMS 0x0000000092f00000, 0x0000000092f00000| Untracked 
| 303|0x0000000092f00000, 0x0000000093000000, 0x0000000093000000|100%| O|  |TAMS 0x0000000093000000, 0x0000000093000000| Untracked 
| 304|0x0000000093000000, 0x0000000093100000, 0x0000000093100000|100%| O|  |TAMS 0x0000000093100000, 0x0000000093100000| Untracked 
| 305|0x0000000093100000, 0x0000000093200000, 0x0000000093200000|100%| O|  |TAMS 0x0000000093200000, 0x0000000093200000| Untracked 
| 306|0x0000000093200000, 0x0000000093300000, 0x0000000093300000|100%| O|  |TAMS 0x0000000093300000, 0x0000000093300000| Untracked 
| 307|0x0000000093300000, 0x0000000093400000, 0x0000000093400000|100%| O|  |TAMS 0x0000000093400000, 0x0000000093400000| Untracked 
| 308|0x0000000093400000, 0x0000000093500000, 0x0000000093500000|100%| O|  |TAMS 0x0000000093500000, 0x0000000093500000| Untracked 
| 309|0x0000000093500000, 0x0000000093600000, 0x0000000093600000|100%| O|  |TAMS 0x0000000093600000, 0x0000000093600000| Untracked 
| 310|0x0000000093600000, 0x0000000093700000, 0x0000000093700000|100%| O|  |TAMS 0x0000000093700000, 0x0000000093700000| Untracked 
| 311|0x0000000093700000, 0x0000000093800000, 0x0000000093800000|100%| O|  |TAMS 0x0000000093800000, 0x0000000093800000| Untracked 
| 312|0x0000000093800000, 0x0000000093900000, 0x0000000093900000|100%| O|  |TAMS 0x0000000093900000, 0x0000000093900000| Untracked 
| 313|0x0000000093900000, 0x0000000093a00000, 0x0000000093a00000|100%|HS|  |TAMS 0x0000000093900000, 0x0000000093a00000| Complete 
| 314|0x0000000093a00000, 0x0000000093b00000, 0x0000000093b00000|100%|HS|  |TAMS 0x0000000093a00000, 0x0000000093b00000| Complete 
| 315|0x0000000093b00000, 0x0000000093c00000, 0x0000000093c00000|100%|HS|  |TAMS 0x0000000093b00000, 0x0000000093c00000| Complete 
| 316|0x0000000093c00000, 0x0000000093d00000, 0x0000000093d00000|100%|HC|  |TAMS 0x0000000093c00000, 0x0000000093d00000| Complete 
| 317|0x0000000093d00000, 0x0000000093e00000, 0x0000000093e00000|100%|HS|  |TAMS 0x0000000093d00000, 0x0000000093e00000| Complete 
| 318|0x0000000093e00000, 0x0000000093f00000, 0x0000000093f00000|100%|HS|  |TAMS 0x0000000093e00000, 0x0000000093f00000| Complete 
| 319|0x0000000093f00000, 0x0000000094000000, 0x0000000094000000|100%|HC|  |TAMS 0x0000000093f00000, 0x0000000094000000| Complete 
| 320|0x0000000094000000, 0x0000000094100000, 0x0000000094100000|100%|HS|  |TAMS 0x0000000094000000, 0x0000000094100000| Complete 
| 321|0x0000000094100000, 0x0000000094200000, 0x0000000094200000|100%| O|  |TAMS 0x0000000094100000, 0x0000000094200000| Untracked 
| 322|0x0000000094200000, 0x0000000094300000, 0x0000000094300000|100%|HS|  |TAMS 0x0000000094200000, 0x0000000094300000| Complete 
| 323|0x0000000094300000, 0x0000000094400000, 0x0000000094400000|100%| O|  |TAMS 0x0000000094300000, 0x0000000094400000| Untracked 
| 324|0x0000000094400000, 0x0000000094500000, 0x0000000094500000|100%|HS|  |TAMS 0x0000000094400000, 0x0000000094500000| Complete 
| 325|0x0000000094500000, 0x0000000094600000, 0x0000000094600000|100%|HS|  |TAMS 0x0000000094500000, 0x0000000094600000| Complete 
| 326|0x0000000094600000, 0x0000000094700000, 0x0000000094700000|100%|HS|  |TAMS 0x0000000094600000, 0x0000000094700000| Complete 
| 327|0x0000000094700000, 0x0000000094800000, 0x0000000094800000|100%|HS|  |TAMS 0x0000000094700000, 0x0000000094800000| Complete 
| 328|0x0000000094800000, 0x0000000094900000, 0x0000000094900000|100%|HS|  |TAMS 0x0000000094800000, 0x0000000094900000| Complete 
| 329|0x0000000094900000, 0x0000000094a00000, 0x0000000094a00000|100%|HS|  |TAMS 0x0000000094900000, 0x0000000094a00000| Complete 
| 330|0x0000000094a00000, 0x0000000094b00000, 0x0000000094b00000|100%|HC|  |TAMS 0x0000000094a00000, 0x0000000094b00000| Complete 
| 331|0x0000000094b00000, 0x0000000094c00000, 0x0000000094c00000|100%|HS|  |TAMS 0x0000000094b00000, 0x0000000094c00000| Complete 
| 332|0x0000000094c00000, 0x0000000094d00000, 0x0000000094d00000|100%|HS|  |TAMS 0x0000000094c00000, 0x0000000094d00000| Complete 
| 333|0x0000000094d00000, 0x0000000094e00000, 0x0000000094e00000|100%|HS|  |TAMS 0x0000000094d00000, 0x0000000094e00000| Complete 
| 334|0x0000000094e00000, 0x0000000094f00000, 0x0000000094f00000|100%|HS|  |TAMS 0x0000000094e00000, 0x0000000094f00000| Complete 
| 335|0x0000000094f00000, 0x0000000095000000, 0x0000000095000000|100%|HS|  |TAMS 0x0000000094f00000, 0x0000000095000000| Complete 
| 336|0x0000000095000000, 0x0000000095100000, 0x0000000095100000|100%|HC|  |TAMS 0x0000000095000000, 0x0000000095100000| Complete 
| 337|0x0000000095100000, 0x0000000095200000, 0x0000000095200000|100%| O|  |TAMS 0x0000000095100000, 0x0000000095200000| Untracked 
| 338|0x0000000095200000, 0x0000000095300000, 0x0000000095300000|100%|HS|  |TAMS 0x0000000095300000, 0x0000000095300000| Complete 
| 339|0x0000000095300000, 0x0000000095400000, 0x0000000095400000|100%|HC|  |TAMS 0x0000000095400000, 0x0000000095400000| Complete 
| 340|0x0000000095400000, 0x0000000095500000, 0x0000000095500000|100%|HC|  |TAMS 0x0000000095500000, 0x0000000095500000| Complete 
| 341|0x0000000095500000, 0x0000000095600000, 0x0000000095600000|100%|HS|  |TAMS 0x0000000095600000, 0x0000000095600000| Complete 
| 342|0x0000000095600000, 0x0000000095700000, 0x0000000095700000|100%|HS|  |TAMS 0x0000000095700000, 0x0000000095700000| Complete 
| 343|0x0000000095700000, 0x0000000095800000, 0x0000000095800000|100%|HC|  |TAMS 0x0000000095800000, 0x0000000095800000| Complete 
| 344|0x0000000095800000, 0x0000000095900000, 0x0000000095900000|100%|HS|  |TAMS 0x0000000095900000, 0x0000000095900000| Complete 
| 345|0x0000000095900000, 0x0000000095a00000, 0x0000000095a00000|100%|HC|  |TAMS 0x0000000095a00000, 0x0000000095a00000| Complete 
| 346|0x0000000095a00000, 0x0000000095b00000, 0x0000000095b00000|100%| O|  |TAMS 0x0000000095b00000, 0x0000000095b00000| Untracked 
| 347|0x0000000095b00000, 0x0000000095c00000, 0x0000000095c00000|100%| O|  |TAMS 0x0000000095c00000, 0x0000000095c00000| Untracked 
| 348|0x0000000095c00000, 0x0000000095d00000, 0x0000000095d00000|100%|HS|  |TAMS 0x0000000095d00000, 0x0000000095d00000| Complete 
| 349|0x0000000095d00000, 0x0000000095e00000, 0x0000000095e00000|100%|HC|  |TAMS 0x0000000095e00000, 0x0000000095e00000| Complete 
| 350|0x0000000095e00000, 0x0000000095f00000, 0x0000000095f00000|100%|HS|  |TAMS 0x0000000095f00000, 0x0000000095f00000| Complete 
| 351|0x0000000095f00000, 0x0000000096000000, 0x0000000096000000|100%|HC|  |TAMS 0x0000000096000000, 0x0000000096000000| Complete 
| 352|0x0000000096000000, 0x0000000096100000, 0x0000000096100000|100%| O|  |TAMS 0x0000000096100000, 0x0000000096100000| Untracked 
| 353|0x0000000096100000, 0x0000000096200000, 0x0000000096200000|100%| O|  |TAMS 0x0000000096200000, 0x0000000096200000| Untracked 
| 354|0x0000000096200000, 0x0000000096300000, 0x0000000096300000|100%|HS|  |TAMS 0x0000000096200000, 0x0000000096300000| Complete 
| 355|0x0000000096300000, 0x0000000096400000, 0x0000000096400000|100%|HS|  |TAMS 0x0000000096300000, 0x0000000096400000| Complete 
| 356|0x0000000096400000, 0x0000000096500000, 0x0000000096500000|100%|HS|  |TAMS 0x0000000096400000, 0x0000000096500000| Complete 
| 357|0x0000000096500000, 0x0000000096600000, 0x0000000096600000|100%| O|  |TAMS 0x0000000096600000, 0x0000000096600000| Untracked 
| 358|0x0000000096600000, 0x0000000096700000, 0x0000000096700000|100%| O|  |TAMS 0x0000000096700000, 0x0000000096700000| Untracked 
| 359|0x0000000096700000, 0x0000000096800000, 0x0000000096800000|100%| O|  |TAMS 0x0000000096800000, 0x0000000096800000| Untracked 
| 360|0x0000000096800000, 0x0000000096900000, 0x0000000096900000|100%| O|  |TAMS 0x0000000096900000, 0x0000000096900000| Untracked 
| 361|0x0000000096900000, 0x0000000096a00000, 0x0000000096a00000|100%| O|  |TAMS 0x0000000096a00000, 0x0000000096a00000| Untracked 
| 362|0x0000000096a00000, 0x0000000096b00000, 0x0000000096b00000|100%| O|  |TAMS 0x0000000096b00000, 0x0000000096b00000| Untracked 
| 363|0x0000000096b00000, 0x0000000096c00000, 0x0000000096c00000|100%| O|  |TAMS 0x0000000096c00000, 0x0000000096c00000| Untracked 
| 364|0x0000000096c00000, 0x0000000096d00000, 0x0000000096d00000|100%| O|  |TAMS 0x0000000096d00000, 0x0000000096d00000| Untracked 
| 365|0x0000000096d00000, 0x0000000096e00000, 0x0000000096e00000|100%|HS|  |TAMS 0x0000000096d00000, 0x0000000096e00000| Complete 
| 366|0x0000000096e00000, 0x0000000096f00000, 0x0000000096f00000|100%|HC|  |TAMS 0x0000000096e00000, 0x0000000096f00000| Complete 
| 367|0x0000000096f00000, 0x0000000097000000, 0x0000000097000000|100%|HS|  |TAMS 0x0000000096f00000, 0x0000000097000000| Complete 
| 368|0x0000000097000000, 0x0000000097100000, 0x0000000097100000|100%| O|  |TAMS 0x0000000097100000, 0x0000000097100000| Untracked 
| 369|0x0000000097100000, 0x0000000097200000, 0x0000000097200000|100%| O|  |TAMS 0x0000000097200000, 0x0000000097200000| Untracked 
| 370|0x0000000097200000, 0x0000000097300000, 0x0000000097300000|100%|HS|  |TAMS 0x0000000097200000, 0x0000000097300000| Complete 
| 371|0x0000000097300000, 0x0000000097400000, 0x0000000097400000|100%|HC|  |TAMS 0x0000000097300000, 0x0000000097400000| Complete 
| 372|0x0000000097400000, 0x0000000097500000, 0x0000000097500000|100%|HC|  |TAMS 0x0000000097400000, 0x0000000097500000| Complete 
| 373|0x0000000097500000, 0x0000000097600000, 0x0000000097600000|100%|HC|  |TAMS 0x0000000097500000, 0x0000000097600000| Complete 
| 374|0x0000000097600000, 0x0000000097700000, 0x0000000097700000|100%|HC|  |TAMS 0x0000000097600000, 0x0000000097700000| Complete 
| 375|0x0000000097700000, 0x0000000097800000, 0x0000000097800000|100%|HC|  |TAMS 0x0000000097700000, 0x0000000097800000| Complete 
| 376|0x0000000097800000, 0x0000000097900000, 0x0000000097900000|100%|HC|  |TAMS 0x0000000097800000, 0x0000000097900000| Complete 
| 377|0x0000000097900000, 0x0000000097a00000, 0x0000000097a00000|100%| O|  |TAMS 0x0000000097900000, 0x0000000097a00000| Untracked 
| 378|0x0000000097a00000, 0x0000000097b00000, 0x0000000097b00000|100%| O|  |TAMS 0x0000000097a00000, 0x0000000097b00000| Untracked 
| 379|0x0000000097b00000, 0x0000000097c00000, 0x0000000097c00000|100%| O|  |TAMS 0x0000000097b00000, 0x0000000097c00000| Untracked 
| 380|0x0000000097c00000, 0x0000000097d00000, 0x0000000097d00000|100%| O|  |TAMS 0x0000000097c00000, 0x0000000097d00000| Untracked 
| 381|0x0000000097d00000, 0x0000000097e00000, 0x0000000097e00000|100%| O|  |TAMS 0x0000000097d00000, 0x0000000097e00000| Untracked 
| 382|0x0000000097e00000, 0x0000000097f00000, 0x0000000097f00000|100%| O|  |TAMS 0x0000000097f00000, 0x0000000097f00000| Untracked 
| 383|0x0000000097f00000, 0x0000000098000000, 0x0000000098000000|100%| O|  |TAMS 0x0000000098000000, 0x0000000098000000| Untracked 
| 384|0x0000000098000000, 0x0000000098100000, 0x0000000098100000|100%| O|  |TAMS 0x0000000098100000, 0x0000000098100000| Untracked 
| 385|0x0000000098100000, 0x0000000098200000, 0x0000000098200000|100%| O|  |TAMS 0x0000000098200000, 0x0000000098200000| Untracked 
| 386|0x0000000098200000, 0x0000000098300000, 0x0000000098300000|100%| O|  |TAMS 0x0000000098300000, 0x0000000098300000| Untracked 
| 387|0x0000000098300000, 0x0000000098400000, 0x0000000098400000|100%| O|  |TAMS 0x0000000098400000, 0x0000000098400000| Untracked 
| 388|0x0000000098400000, 0x0000000098500000, 0x0000000098500000|100%|HS|  |TAMS 0x0000000098500000, 0x0000000098500000| Complete 
| 389|0x0000000098500000, 0x0000000098600000, 0x0000000098600000|100%|HC|  |TAMS 0x0000000098600000, 0x0000000098600000| Complete 
| 390|0x0000000098600000, 0x0000000098700000, 0x0000000098700000|100%|HS|  |TAMS 0x0000000098700000, 0x0000000098700000| Complete 
| 391|0x0000000098700000, 0x0000000098800000, 0x0000000098800000|100%|HS|  |TAMS 0x0000000098800000, 0x0000000098800000| Complete 
| 392|0x0000000098800000, 0x0000000098900000, 0x0000000098900000|100%|HC|  |TAMS 0x0000000098900000, 0x0000000098900000| Complete 
| 393|0x0000000098900000, 0x0000000098a00000, 0x0000000098a00000|100%|HS|  |TAMS 0x0000000098a00000, 0x0000000098a00000| Complete 
| 394|0x0000000098a00000, 0x0000000098b00000, 0x0000000098b00000|100%|HC|  |TAMS 0x0000000098b00000, 0x0000000098b00000| Complete 
| 395|0x0000000098b00000, 0x0000000098c00000, 0x0000000098c00000|100%|HS|  |TAMS 0x0000000098c00000, 0x0000000098c00000| Complete 
| 396|0x0000000098c00000, 0x0000000098d00000, 0x0000000098d00000|100%|HS|  |TAMS 0x0000000098d00000, 0x0000000098d00000| Complete 
| 397|0x0000000098d00000, 0x0000000098e00000, 0x0000000098e00000|100%|HC|  |TAMS 0x0000000098e00000, 0x0000000098e00000| Complete 
| 398|0x0000000098e00000, 0x0000000098f00000, 0x0000000098f00000|100%|HC|  |TAMS 0x0000000098f00000, 0x0000000098f00000| Complete 
| 399|0x0000000098f00000, 0x0000000099000000, 0x0000000099000000|100%|HS|  |TAMS 0x0000000099000000, 0x0000000099000000| Complete 
| 400|0x0000000099000000, 0x0000000099100000, 0x0000000099100000|100%|HC|  |TAMS 0x0000000099100000, 0x0000000099100000| Complete 
| 401|0x0000000099100000, 0x0000000099200000, 0x0000000099200000|100%|HC|  |TAMS 0x0000000099200000, 0x0000000099200000| Complete 
| 402|0x0000000099200000, 0x0000000099300000, 0x0000000099300000|100%|HS|  |TAMS 0x0000000099300000, 0x0000000099300000| Complete 
| 403|0x0000000099300000, 0x0000000099400000, 0x0000000099400000|100%|HS|  |TAMS 0x0000000099400000, 0x0000000099400000| Complete 
| 404|0x0000000099400000, 0x0000000099500000, 0x0000000099500000|100%|HS|  |TAMS 0x0000000099500000, 0x0000000099500000| Complete 
| 405|0x0000000099500000, 0x0000000099600000, 0x0000000099600000|100%|HC|  |TAMS 0x0000000099600000, 0x0000000099600000| Complete 
| 406|0x0000000099600000, 0x0000000099700000, 0x0000000099700000|100%|HS|  |TAMS 0x0000000099700000, 0x0000000099700000| Complete 
| 407|0x0000000099700000, 0x0000000099800000, 0x0000000099800000|100%|HS|  |TAMS 0x0000000099800000, 0x0000000099800000| Complete 
| 408|0x0000000099800000, 0x0000000099900000, 0x0000000099900000|100%|HC|  |TAMS 0x0000000099900000, 0x0000000099900000| Complete 
| 409|0x0000000099900000, 0x0000000099a00000, 0x0000000099a00000|100%|HC|  |TAMS 0x0000000099a00000, 0x0000000099a00000| Complete 
| 410|0x0000000099a00000, 0x0000000099b00000, 0x0000000099b00000|100%|HS|  |TAMS 0x0000000099b00000, 0x0000000099b00000| Complete 
| 411|0x0000000099b00000, 0x0000000099c00000, 0x0000000099c00000|100%|HC|  |TAMS 0x0000000099c00000, 0x0000000099c00000| Complete 
| 412|0x0000000099c00000, 0x0000000099d00000, 0x0000000099d00000|100%|HC|  |TAMS 0x0000000099d00000, 0x0000000099d00000| Complete 
| 413|0x0000000099d00000, 0x0000000099e00000, 0x0000000099e00000|100%| O|  |TAMS 0x0000000099e00000, 0x0000000099e00000| Untracked 
| 414|0x0000000099e00000, 0x0000000099f00000, 0x0000000099f00000|100%| O|  |TAMS 0x0000000099f00000, 0x0000000099f00000| Untracked 
| 415|0x0000000099f00000, 0x000000009a000000, 0x000000009a000000|100%| O|  |TAMS 0x000000009a000000, 0x000000009a000000| Untracked 
| 416|0x000000009a000000, 0x000000009a100000, 0x000000009a100000|100%|HS|  |TAMS 0x000000009a100000, 0x000000009a100000| Complete 
| 417|0x000000009a100000, 0x000000009a200000, 0x000000009a200000|100%|HC|  |TAMS 0x000000009a200000, 0x000000009a200000| Complete 
| 418|0x000000009a200000, 0x000000009a300000, 0x000000009a300000|100%| O|  |TAMS 0x000000009a300000, 0x000000009a300000| Untracked 
| 419|0x000000009a300000, 0x000000009a400000, 0x000000009a400000|100%| O|  |TAMS 0x000000009a400000, 0x000000009a400000| Untracked 
| 420|0x000000009a400000, 0x000000009a500000, 0x000000009a500000|100%| O|  |TAMS 0x000000009a500000, 0x000000009a500000| Untracked 
| 421|0x000000009a500000, 0x000000009a600000, 0x000000009a600000|100%|HS|  |TAMS 0x000000009a600000, 0x000000009a600000| Complete 
| 422|0x000000009a600000, 0x000000009a700000, 0x000000009a700000|100%|HC|  |TAMS 0x000000009a700000, 0x000000009a700000| Complete 
| 423|0x000000009a700000, 0x000000009a800000, 0x000000009a800000|100%| O|  |TAMS 0x000000009a800000, 0x000000009a800000| Untracked 
| 424|0x000000009a800000, 0x000000009a900000, 0x000000009a900000|100%|HS|  |TAMS 0x000000009a900000, 0x000000009a900000| Complete 
| 425|0x000000009a900000, 0x000000009aa00000, 0x000000009aa00000|100%| O|  |TAMS 0x000000009a900000, 0x000000009aa00000| Untracked 
| 426|0x000000009aa00000, 0x000000009ab00000, 0x000000009ab00000|100%| O|  |TAMS 0x000000009ab00000, 0x000000009ab00000| Untracked 
| 427|0x000000009ab00000, 0x000000009ac00000, 0x000000009ac00000|100%|HS|  |TAMS 0x000000009ac00000, 0x000000009ac00000| Complete 
| 428|0x000000009ac00000, 0x000000009ad00000, 0x000000009ad00000|100%|HS|  |TAMS 0x000000009ad00000, 0x000000009ad00000| Complete 
| 429|0x000000009ad00000, 0x000000009ae00000, 0x000000009ae00000|100%|HC|  |TAMS 0x000000009ae00000, 0x000000009ae00000| Complete 
| 430|0x000000009ae00000, 0x000000009af00000, 0x000000009af00000|100%|HS|  |TAMS 0x000000009af00000, 0x000000009af00000| Complete 
| 431|0x000000009af00000, 0x000000009b000000, 0x000000009b000000|100%| O|  |TAMS 0x000000009af00000, 0x000000009b000000| Untracked 
| 432|0x000000009b000000, 0x000000009b100000, 0x000000009b100000|100%| O|  |TAMS 0x000000009b000000, 0x000000009b100000| Untracked 
| 433|0x000000009b100000, 0x000000009b200000, 0x000000009b200000|100%| O|  |TAMS 0x000000009b100000, 0x000000009b200000| Untracked 
| 434|0x000000009b200000, 0x000000009b300000, 0x000000009b300000|100%|HS|  |TAMS 0x000000009b300000, 0x000000009b300000| Complete 
| 435|0x000000009b300000, 0x000000009b400000, 0x000000009b400000|100%|HS|  |TAMS 0x000000009b300000, 0x000000009b400000| Complete 
| 436|0x000000009b400000, 0x000000009b500000, 0x000000009b500000|100%|HC|  |TAMS 0x000000009b400000, 0x000000009b500000| Complete 
| 437|0x000000009b500000, 0x000000009b600000, 0x000000009b600000|100%|HC|  |TAMS 0x000000009b500000, 0x000000009b600000| Complete 
| 438|0x000000009b600000, 0x000000009b700000, 0x000000009b700000|100%|HC|  |TAMS 0x000000009b600000, 0x000000009b700000| Complete 
| 439|0x000000009b700000, 0x000000009b800000, 0x000000009b800000|100%|HC|  |TAMS 0x000000009b700000, 0x000000009b800000| Complete 
| 440|0x000000009b800000, 0x000000009b900000, 0x000000009b900000|100%|HC|  |TAMS 0x000000009b800000, 0x000000009b900000| Complete 
| 441|0x000000009b900000, 0x000000009ba00000, 0x000000009ba00000|100%|HC|  |TAMS 0x000000009b900000, 0x000000009ba00000| Complete 
| 442|0x000000009ba00000, 0x000000009bb00000, 0x000000009bb00000|100%|HC|  |TAMS 0x000000009ba00000, 0x000000009bb00000| Complete 
| 443|0x000000009bb00000, 0x000000009bc00000, 0x000000009bc00000|100%|HC|  |TAMS 0x000000009bb00000, 0x000000009bc00000| Complete 
| 444|0x000000009bc00000, 0x000000009bd00000, 0x000000009bd00000|100%| O|  |TAMS 0x000000009bc00000, 0x000000009bd00000| Untracked 
| 445|0x000000009bd00000, 0x000000009be00000, 0x000000009be00000|100%| O|  |TAMS 0x000000009bd00000, 0x000000009be00000| Untracked 
| 446|0x000000009be00000, 0x000000009bf00000, 0x000000009bf00000|100%| O|  |TAMS 0x000000009be00000, 0x000000009bf00000| Untracked 
| 447|0x000000009bf00000, 0x000000009c000000, 0x000000009c000000|100%| O|  |TAMS 0x000000009bf00000, 0x000000009c000000| Untracked 
| 448|0x000000009c000000, 0x000000009c100000, 0x000000009c100000|100%| O|  |TAMS 0x000000009c000000, 0x000000009c100000| Untracked 
| 449|0x000000009c100000, 0x000000009c200000, 0x000000009c200000|100%| O|  |TAMS 0x000000009c100000, 0x000000009c200000| Untracked 
| 450|0x000000009c200000, 0x000000009c300000, 0x000000009c300000|100%| O|  |TAMS 0x000000009c200000, 0x000000009c300000| Untracked 
| 451|0x000000009c300000, 0x000000009c400000, 0x000000009c400000|100%| O|  |TAMS 0x000000009c300000, 0x000000009c400000| Untracked 
| 452|0x000000009c400000, 0x000000009c500000, 0x000000009c500000|100%| O|  |TAMS 0x000000009c400000, 0x000000009c500000| Untracked 
| 453|0x000000009c500000, 0x000000009c600000, 0x000000009c600000|100%| O|  |TAMS 0x000000009c500000, 0x000000009c600000| Untracked 
| 454|0x000000009c600000, 0x000000009c700000, 0x000000009c700000|100%| O|  |TAMS 0x000000009c600000, 0x000000009c700000| Untracked 
| 455|0x000000009c700000, 0x000000009c800000, 0x000000009c800000|100%| O|  |TAMS 0x000000009c700000, 0x000000009c800000| Untracked 
| 456|0x000000009c800000, 0x000000009c900000, 0x000000009c900000|100%| O|  |TAMS 0x000000009c800000, 0x000000009c900000| Untracked 
| 457|0x000000009c900000, 0x000000009ca00000, 0x000000009ca00000|100%| O|  |TAMS 0x000000009c900000, 0x000000009ca00000| Untracked 
| 458|0x000000009ca00000, 0x000000009cb00000, 0x000000009cb00000|100%| O|  |TAMS 0x000000009ca00000, 0x000000009cb00000| Untracked 
| 459|0x000000009cb00000, 0x000000009cc00000, 0x000000009cc00000|100%| O|  |TAMS 0x000000009cb00000, 0x000000009cc00000| Untracked 
| 460|0x000000009cc00000, 0x000000009cd00000, 0x000000009cd00000|100%| O|  |TAMS 0x000000009cc00000, 0x000000009cd00000| Untracked 
| 461|0x000000009cd00000, 0x000000009ce00000, 0x000000009ce00000|100%| O|  |TAMS 0x000000009cd00000, 0x000000009ce00000| Untracked 
| 462|0x000000009ce00000, 0x000000009cf00000, 0x000000009cf00000|100%| O|  |TAMS 0x000000009cf00000, 0x000000009cf00000| Untracked 
| 463|0x000000009cf00000, 0x000000009d000000, 0x000000009d000000|100%| O|  |TAMS 0x000000009d000000, 0x000000009d000000| Untracked 
| 464|0x000000009d000000, 0x000000009d100000, 0x000000009d100000|100%|HS|  |TAMS 0x000000009d100000, 0x000000009d100000| Complete 
| 465|0x000000009d100000, 0x000000009d200000, 0x000000009d200000|100%|HC|  |TAMS 0x000000009d200000, 0x000000009d200000| Complete 
| 466|0x000000009d200000, 0x000000009d300000, 0x000000009d300000|100%|HS|  |TAMS 0x000000009d300000, 0x000000009d300000| Complete 
| 467|0x000000009d300000, 0x000000009d400000, 0x000000009d400000|100%|HC|  |TAMS 0x000000009d400000, 0x000000009d400000| Complete 
| 468|0x000000009d400000, 0x000000009d500000, 0x000000009d500000|100%|HC|  |TAMS 0x000000009d500000, 0x000000009d500000| Complete 
| 469|0x000000009d500000, 0x000000009d600000, 0x000000009d600000|100%|HS|  |TAMS 0x000000009d600000, 0x000000009d600000| Complete 
| 470|0x000000009d600000, 0x000000009d700000, 0x000000009d700000|100%|HC|  |TAMS 0x000000009d700000, 0x000000009d700000| Complete 
| 471|0x000000009d700000, 0x000000009d800000, 0x000000009d800000|100%| O|  |TAMS 0x000000009d800000, 0x000000009d800000| Untracked 
| 472|0x000000009d800000, 0x000000009d900000, 0x000000009d900000|100%|HS|  |TAMS 0x000000009d900000, 0x000000009d900000| Complete 
| 473|0x000000009d900000, 0x000000009da00000, 0x000000009da00000|100%| O|  |TAMS 0x000000009da00000, 0x000000009da00000| Untracked 
| 474|0x000000009da00000, 0x000000009db00000, 0x000000009db00000|100%| O|  |TAMS 0x000000009db00000, 0x000000009db00000| Untracked 
| 475|0x000000009db00000, 0x000000009dc00000, 0x000000009dc00000|100%| O|  |TAMS 0x000000009dc00000, 0x000000009dc00000| Untracked 
| 476|0x000000009dc00000, 0x000000009dd00000, 0x000000009dd00000|100%| O|  |TAMS 0x000000009dd00000, 0x000000009dd00000| Untracked 
| 477|0x000000009dd00000, 0x000000009de00000, 0x000000009de00000|100%| O|  |TAMS 0x000000009de00000, 0x000000009de00000| Untracked 
| 478|0x000000009de00000, 0x000000009df00000, 0x000000009df00000|100%| O|  |TAMS 0x000000009df00000, 0x000000009df00000| Untracked 
| 479|0x000000009df00000, 0x000000009e000000, 0x000000009e000000|100%| O|  |TAMS 0x000000009e000000, 0x000000009e000000| Untracked 
| 480|0x000000009e000000, 0x000000009e100000, 0x000000009e100000|100%| O|  |TAMS 0x000000009e100000, 0x000000009e100000| Untracked 
| 481|0x000000009e100000, 0x000000009e200000, 0x000000009e200000|100%| O|  |TAMS 0x000000009e200000, 0x000000009e200000| Untracked 
| 482|0x000000009e200000, 0x000000009e300000, 0x000000009e300000|100%| O|  |TAMS 0x000000009e300000, 0x000000009e300000| Untracked 
| 483|0x000000009e300000, 0x000000009e400000, 0x000000009e400000|100%| O|  |TAMS 0x000000009e400000, 0x000000009e400000| Untracked 
| 484|0x000000009e400000, 0x000000009e500000, 0x000000009e500000|100%| O|  |TAMS 0x000000009e500000, 0x000000009e500000| Untracked 
| 485|0x000000009e500000, 0x000000009e600000, 0x000000009e600000|100%| O|  |TAMS 0x000000009e600000, 0x000000009e600000| Untracked 
| 486|0x000000009e600000, 0x000000009e700000, 0x000000009e700000|100%| O|  |TAMS 0x000000009e700000, 0x000000009e700000| Untracked 
| 487|0x000000009e700000, 0x000000009e800000, 0x000000009e800000|100%| O|  |TAMS 0x000000009e800000, 0x000000009e800000| Untracked 
| 488|0x000000009e800000, 0x000000009e900000, 0x000000009e900000|100%| O|  |TAMS 0x000000009e900000, 0x000000009e900000| Untracked 
| 489|0x000000009e900000, 0x000000009ea00000, 0x000000009ea00000|100%| O|  |TAMS 0x000000009ea00000, 0x000000009ea00000| Untracked 
| 490|0x000000009ea00000, 0x000000009eb00000, 0x000000009eb00000|100%| O|  |TAMS 0x000000009eb00000, 0x000000009eb00000| Untracked 
| 491|0x000000009eb00000, 0x000000009ec00000, 0x000000009ec00000|100%| O|  |TAMS 0x000000009ec00000, 0x000000009ec00000| Untracked 
| 492|0x000000009ec00000, 0x000000009ed00000, 0x000000009ed00000|100%| O|  |TAMS 0x000000009ed00000, 0x000000009ed00000| Untracked 
| 493|0x000000009ed00000, 0x000000009ee00000, 0x000000009ee00000|100%| O|  |TAMS 0x000000009ee00000, 0x000000009ee00000| Untracked 
| 494|0x000000009ee00000, 0x000000009ef00000, 0x000000009ef00000|100%| O|  |TAMS 0x000000009ef00000, 0x000000009ef00000| Untracked 
| 495|0x000000009ef00000, 0x000000009f000000, 0x000000009f000000|100%| O|  |TAMS 0x000000009f000000, 0x000000009f000000| Untracked 
| 496|0x000000009f000000, 0x000000009f100000, 0x000000009f100000|100%| O|  |TAMS 0x000000009f100000, 0x000000009f100000| Untracked 
| 497|0x000000009f100000, 0x000000009f200000, 0x000000009f200000|100%| O|  |TAMS 0x000000009f200000, 0x000000009f200000| Untracked 
| 498|0x000000009f200000, 0x000000009f300000, 0x000000009f300000|100%| O|  |TAMS 0x000000009f300000, 0x000000009f300000| Untracked 
| 499|0x000000009f300000, 0x000000009f400000, 0x000000009f400000|100%| O|  |TAMS 0x000000009f400000, 0x000000009f400000| Untracked 
| 500|0x000000009f400000, 0x000000009f500000, 0x000000009f500000|100%| O|  |TAMS 0x000000009f500000, 0x000000009f500000| Untracked 
| 501|0x000000009f500000, 0x000000009f600000, 0x000000009f600000|100%| O|  |TAMS 0x000000009f600000, 0x000000009f600000| Untracked 
| 502|0x000000009f600000, 0x000000009f700000, 0x000000009f700000|100%| O|  |TAMS 0x000000009f700000, 0x000000009f700000| Untracked 
| 503|0x000000009f700000, 0x000000009f800000, 0x000000009f800000|100%| O|  |TAMS 0x000000009f800000, 0x000000009f800000| Untracked 
| 504|0x000000009f800000, 0x000000009f900000, 0x000000009f900000|100%| O|  |TAMS 0x000000009f900000, 0x000000009f900000| Untracked 
| 505|0x000000009f900000, 0x000000009fa00000, 0x000000009fa00000|100%| O|  |TAMS 0x000000009fa00000, 0x000000009fa00000| Untracked 
| 506|0x000000009fa00000, 0x000000009fb00000, 0x000000009fb00000|100%| O|  |TAMS 0x000000009fb00000, 0x000000009fb00000| Untracked 
| 507|0x000000009fb00000, 0x000000009fc00000, 0x000000009fc00000|100%| O|  |TAMS 0x000000009fc00000, 0x000000009fc00000| Untracked 
| 508|0x000000009fc00000, 0x000000009fd00000, 0x000000009fd00000|100%| O|  |TAMS 0x000000009fd00000, 0x000000009fd00000| Untracked 
| 509|0x000000009fd00000, 0x000000009fe00000, 0x000000009fe00000|100%| O|  |TAMS 0x000000009fe00000, 0x000000009fe00000| Untracked 
| 510|0x000000009fe00000, 0x000000009ff00000, 0x000000009ff00000|100%| O|  |TAMS 0x000000009ff00000, 0x000000009ff00000| Untracked 
| 511|0x000000009ff00000, 0x00000000a0000000, 0x00000000a0000000|100%| O|  |TAMS 0x00000000a0000000, 0x00000000a0000000| Untracked 
| 512|0x00000000a0000000, 0x00000000a0100000, 0x00000000a0100000|100%| O|  |TAMS 0x00000000a0100000, 0x00000000a0100000| Untracked 
| 513|0x00000000a0100000, 0x00000000a0200000, 0x00000000a0200000|100%| O|  |TAMS 0x00000000a0200000, 0x00000000a0200000| Untracked 
| 514|0x00000000a0200000, 0x00000000a0300000, 0x00000000a0300000|100%| O|  |TAMS 0x00000000a0300000, 0x00000000a0300000| Untracked 
| 515|0x00000000a0300000, 0x00000000a0400000, 0x00000000a0400000|100%| O|  |TAMS 0x00000000a0400000, 0x00000000a0400000| Untracked 
| 516|0x00000000a0400000, 0x00000000a0500000, 0x00000000a0500000|100%| O|  |TAMS 0x00000000a0500000, 0x00000000a0500000| Untracked 
| 517|0x00000000a0500000, 0x00000000a0600000, 0x00000000a0600000|100%| O|  |TAMS 0x00000000a0600000, 0x00000000a0600000| Untracked 
| 518|0x00000000a0600000, 0x00000000a0700000, 0x00000000a0700000|100%| O|  |TAMS 0x00000000a0700000, 0x00000000a0700000| Untracked 
| 519|0x00000000a0700000, 0x00000000a0800000, 0x00000000a0800000|100%| O|  |TAMS 0x00000000a0800000, 0x00000000a0800000| Untracked 
| 520|0x00000000a0800000, 0x00000000a0900000, 0x00000000a0900000|100%| O|  |TAMS 0x00000000a0900000, 0x00000000a0900000| Untracked 
| 521|0x00000000a0900000, 0x00000000a0a00000, 0x00000000a0a00000|100%| O|  |TAMS 0x00000000a0a00000, 0x00000000a0a00000| Untracked 
| 522|0x00000000a0a00000, 0x00000000a0b00000, 0x00000000a0b00000|100%| O|  |TAMS 0x00000000a0b00000, 0x00000000a0b00000| Untracked 
| 523|0x00000000a0b00000, 0x00000000a0c00000, 0x00000000a0c00000|100%| O|  |TAMS 0x00000000a0c00000, 0x00000000a0c00000| Untracked 
| 524|0x00000000a0c00000, 0x00000000a0d00000, 0x00000000a0d00000|100%| O|  |TAMS 0x00000000a0d00000, 0x00000000a0d00000| Untracked 
| 525|0x00000000a0d00000, 0x00000000a0e00000, 0x00000000a0e00000|100%| O|  |TAMS 0x00000000a0e00000, 0x00000000a0e00000| Untracked 
| 526|0x00000000a0e00000, 0x00000000a0f00000, 0x00000000a0f00000|100%| O|  |TAMS 0x00000000a0f00000, 0x00000000a0f00000| Untracked 
| 527|0x00000000a0f00000, 0x00000000a1000000, 0x00000000a1000000|100%| O|  |TAMS 0x00000000a1000000, 0x00000000a1000000| Untracked 
| 528|0x00000000a1000000, 0x00000000a1100000, 0x00000000a1100000|100%| O|  |TAMS 0x00000000a1100000, 0x00000000a1100000| Untracked 
| 529|0x00000000a1100000, 0x00000000a1200000, 0x00000000a1200000|100%| O|  |TAMS 0x00000000a1200000, 0x00000000a1200000| Untracked 
| 530|0x00000000a1200000, 0x00000000a1300000, 0x00000000a1300000|100%| O|  |TAMS 0x00000000a1300000, 0x00000000a1300000| Untracked 
| 531|0x00000000a1300000, 0x00000000a1400000, 0x00000000a1400000|100%| O|  |TAMS 0x00000000a1400000, 0x00000000a1400000| Untracked 
| 532|0x00000000a1400000, 0x00000000a1500000, 0x00000000a1500000|100%| O|  |TAMS 0x00000000a1500000, 0x00000000a1500000| Untracked 
| 533|0x00000000a1500000, 0x00000000a1600000, 0x00000000a1600000|100%| O|  |TAMS 0x00000000a1600000, 0x00000000a1600000| Untracked 
| 534|0x00000000a1600000, 0x00000000a1700000, 0x00000000a1700000|100%| O|  |TAMS 0x00000000a1700000, 0x00000000a1700000| Untracked 
| 535|0x00000000a1700000, 0x00000000a1800000, 0x00000000a1800000|100%| O|  |TAMS 0x00000000a1800000, 0x00000000a1800000| Untracked 
| 536|0x00000000a1800000, 0x00000000a1900000, 0x00000000a1900000|100%| O|  |TAMS 0x00000000a1900000, 0x00000000a1900000| Untracked 
| 537|0x00000000a1900000, 0x00000000a1a00000, 0x00000000a1a00000|100%| O|  |TAMS 0x00000000a1a00000, 0x00000000a1a00000| Untracked 
| 538|0x00000000a1a00000, 0x00000000a1b00000, 0x00000000a1b00000|100%| O|  |TAMS 0x00000000a1b00000, 0x00000000a1b00000| Untracked 
| 539|0x00000000a1b00000, 0x00000000a1c00000, 0x00000000a1c00000|100%| O|  |TAMS 0x00000000a1c00000, 0x00000000a1c00000| Untracked 
| 540|0x00000000a1c00000, 0x00000000a1d00000, 0x00000000a1d00000|100%| O|  |TAMS 0x00000000a1d00000, 0x00000000a1d00000| Untracked 
| 541|0x00000000a1d00000, 0x00000000a1e00000, 0x00000000a1e00000|100%| O|  |TAMS 0x00000000a1e00000, 0x00000000a1e00000| Untracked 
| 542|0x00000000a1e00000, 0x00000000a1f00000, 0x00000000a1f00000|100%| O|  |TAMS 0x00000000a1f00000, 0x00000000a1f00000| Untracked 
| 543|0x00000000a1f00000, 0x00000000a2000000, 0x00000000a2000000|100%| O|  |TAMS 0x00000000a2000000, 0x00000000a2000000| Untracked 
| 544|0x00000000a2000000, 0x00000000a2100000, 0x00000000a2100000|100%| O|  |TAMS 0x00000000a2100000, 0x00000000a2100000| Untracked 
| 545|0x00000000a2100000, 0x00000000a2200000, 0x00000000a2200000|100%| O|  |TAMS 0x00000000a2200000, 0x00000000a2200000| Untracked 
| 546|0x00000000a2200000, 0x00000000a2300000, 0x00000000a2300000|100%| O|  |TAMS 0x00000000a2300000, 0x00000000a2300000| Untracked 
| 547|0x00000000a2300000, 0x00000000a2400000, 0x00000000a2400000|100%| O|  |TAMS 0x00000000a2400000, 0x00000000a2400000| Untracked 
| 548|0x00000000a2400000, 0x00000000a2500000, 0x00000000a2500000|100%| O|  |TAMS 0x00000000a2500000, 0x00000000a2500000| Untracked 
| 549|0x00000000a2500000, 0x00000000a2600000, 0x00000000a2600000|100%| O|  |TAMS 0x00000000a2600000, 0x00000000a2600000| Untracked 
| 550|0x00000000a2600000, 0x00000000a2700000, 0x00000000a2700000|100%| O|  |TAMS 0x00000000a2700000, 0x00000000a2700000| Untracked 
| 551|0x00000000a2700000, 0x00000000a2800000, 0x00000000a2800000|100%| O|  |TAMS 0x00000000a2800000, 0x00000000a2800000| Untracked 
| 552|0x00000000a2800000, 0x00000000a2900000, 0x00000000a2900000|100%| O|  |TAMS 0x00000000a2900000, 0x00000000a2900000| Untracked 
| 553|0x00000000a2900000, 0x00000000a2a00000, 0x00000000a2a00000|100%| O|  |TAMS 0x00000000a2a00000, 0x00000000a2a00000| Untracked 
| 554|0x00000000a2a00000, 0x00000000a2b00000, 0x00000000a2b00000|100%| O|  |TAMS 0x00000000a2b00000, 0x00000000a2b00000| Untracked 
| 555|0x00000000a2b00000, 0x00000000a2c00000, 0x00000000a2c00000|100%| O|  |TAMS 0x00000000a2c00000, 0x00000000a2c00000| Untracked 
| 556|0x00000000a2c00000, 0x00000000a2d00000, 0x00000000a2d00000|100%| O|  |TAMS 0x00000000a2d00000, 0x00000000a2d00000| Untracked 
| 557|0x00000000a2d00000, 0x00000000a2e00000, 0x00000000a2e00000|100%| O|  |TAMS 0x00000000a2e00000, 0x00000000a2e00000| Untracked 
| 558|0x00000000a2e00000, 0x00000000a2f00000, 0x00000000a2f00000|100%| O|  |TAMS 0x00000000a2f00000, 0x00000000a2f00000| Untracked 
| 559|0x00000000a2f00000, 0x00000000a3000000, 0x00000000a3000000|100%| O|  |TAMS 0x00000000a3000000, 0x00000000a3000000| Untracked 
| 560|0x00000000a3000000, 0x00000000a3100000, 0x00000000a3100000|100%| O|  |TAMS 0x00000000a3100000, 0x00000000a3100000| Untracked 
| 561|0x00000000a3100000, 0x00000000a3200000, 0x00000000a3200000|100%| O|  |TAMS 0x00000000a3200000, 0x00000000a3200000| Untracked 
| 562|0x00000000a3200000, 0x00000000a3300000, 0x00000000a3300000|100%| O|  |TAMS 0x00000000a3300000, 0x00000000a3300000| Untracked 
| 563|0x00000000a3300000, 0x00000000a3400000, 0x00000000a3400000|100%| O|  |TAMS 0x00000000a3400000, 0x00000000a3400000| Untracked 
| 564|0x00000000a3400000, 0x00000000a3500000, 0x00000000a3500000|100%| O|  |TAMS 0x00000000a3500000, 0x00000000a3500000| Untracked 
| 565|0x00000000a3500000, 0x00000000a3600000, 0x00000000a3600000|100%| O|  |TAMS 0x00000000a3600000, 0x00000000a3600000| Untracked 
| 566|0x00000000a3600000, 0x00000000a3700000, 0x00000000a3700000|100%| O|  |TAMS 0x00000000a3700000, 0x00000000a3700000| Untracked 
| 567|0x00000000a3700000, 0x00000000a3800000, 0x00000000a3800000|100%| O|  |TAMS 0x00000000a3800000, 0x00000000a3800000| Untracked 
| 568|0x00000000a3800000, 0x00000000a3900000, 0x00000000a3900000|100%| O|  |TAMS 0x00000000a3900000, 0x00000000a3900000| Untracked 
| 569|0x00000000a3900000, 0x00000000a3a00000, 0x00000000a3a00000|100%| O|  |TAMS 0x00000000a3a00000, 0x00000000a3a00000| Untracked 
| 570|0x00000000a3a00000, 0x00000000a3b00000, 0x00000000a3b00000|100%| O|  |TAMS 0x00000000a3b00000, 0x00000000a3b00000| Untracked 
| 571|0x00000000a3b00000, 0x00000000a3c00000, 0x00000000a3c00000|100%| O|  |TAMS 0x00000000a3c00000, 0x00000000a3c00000| Untracked 
| 572|0x00000000a3c00000, 0x00000000a3d00000, 0x00000000a3d00000|100%| O|  |TAMS 0x00000000a3d00000, 0x00000000a3d00000| Untracked 
| 573|0x00000000a3d00000, 0x00000000a3e00000, 0x00000000a3e00000|100%| O|  |TAMS 0x00000000a3e00000, 0x00000000a3e00000| Untracked 
| 574|0x00000000a3e00000, 0x00000000a3f00000, 0x00000000a3f00000|100%| O|  |TAMS 0x00000000a3f00000, 0x00000000a3f00000| Untracked 
| 575|0x00000000a3f00000, 0x00000000a4000000, 0x00000000a4000000|100%| O|  |TAMS 0x00000000a4000000, 0x00000000a4000000| Untracked 
| 576|0x00000000a4000000, 0x00000000a4100000, 0x00000000a4100000|100%| O|  |TAMS 0x00000000a4100000, 0x00000000a4100000| Untracked 
| 577|0x00000000a4100000, 0x00000000a4200000, 0x00000000a4200000|100%| O|  |TAMS 0x00000000a4200000, 0x00000000a4200000| Untracked 
| 578|0x00000000a4200000, 0x00000000a4300000, 0x00000000a4300000|100%| O|  |TAMS 0x00000000a4300000, 0x00000000a4300000| Untracked 
| 579|0x00000000a4300000, 0x00000000a4400000, 0x00000000a4400000|100%| O|  |TAMS 0x00000000a4400000, 0x00000000a4400000| Untracked 
| 580|0x00000000a4400000, 0x00000000a4500000, 0x00000000a4500000|100%| O|  |TAMS 0x00000000a4500000, 0x00000000a4500000| Untracked 
| 581|0x00000000a4500000, 0x00000000a4600000, 0x00000000a4600000|100%| O|  |TAMS 0x00000000a4600000, 0x00000000a4600000| Untracked 
| 582|0x00000000a4600000, 0x00000000a4700000, 0x00000000a4700000|100%| O|  |TAMS 0x00000000a4700000, 0x00000000a4700000| Untracked 
| 583|0x00000000a4700000, 0x00000000a4800000, 0x00000000a4800000|100%| O|  |TAMS 0x00000000a4800000, 0x00000000a4800000| Untracked 
| 584|0x00000000a4800000, 0x00000000a4900000, 0x00000000a4900000|100%| O|  |TAMS 0x00000000a4900000, 0x00000000a4900000| Untracked 
| 585|0x00000000a4900000, 0x00000000a4a00000, 0x00000000a4a00000|100%| O|  |TAMS 0x00000000a4a00000, 0x00000000a4a00000| Untracked 
| 586|0x00000000a4a00000, 0x00000000a4b00000, 0x00000000a4b00000|100%| O|  |TAMS 0x00000000a4b00000, 0x00000000a4b00000| Untracked 
| 587|0x00000000a4b00000, 0x00000000a4c00000, 0x00000000a4c00000|100%| O|  |TAMS 0x00000000a4c00000, 0x00000000a4c00000| Untracked 
| 588|0x00000000a4c00000, 0x00000000a4d00000, 0x00000000a4d00000|100%| O|  |TAMS 0x00000000a4c6e600, 0x00000000a4d00000| Untracked 
| 589|0x00000000a4d00000, 0x00000000a4e00000, 0x00000000a4e00000|100%| O|  |TAMS 0x00000000a4d00000, 0x00000000a4e00000| Untracked 
| 590|0x00000000a4e00000, 0x00000000a4f00000, 0x00000000a4f00000|100%| O|  |TAMS 0x00000000a4e00000, 0x00000000a4f00000| Untracked 
| 591|0x00000000a4f00000, 0x00000000a5000000, 0x00000000a5000000|100%| O|  |TAMS 0x00000000a4f00000, 0x00000000a5000000| Untracked 
| 592|0x00000000a5000000, 0x00000000a5100000, 0x00000000a5100000|100%| O|  |TAMS 0x00000000a5000000, 0x00000000a5100000| Untracked 
| 593|0x00000000a5100000, 0x00000000a5200000, 0x00000000a5200000|100%| O|  |TAMS 0x00000000a5100000, 0x00000000a5200000| Untracked 
| 594|0x00000000a5200000, 0x00000000a5300000, 0x00000000a5300000|100%| O|  |TAMS 0x00000000a5200000, 0x00000000a5300000| Untracked 
| 595|0x00000000a5300000, 0x00000000a5400000, 0x00000000a5400000|100%| O|  |TAMS 0x00000000a5300000, 0x00000000a5400000| Untracked 
| 596|0x00000000a5400000, 0x00000000a5500000, 0x00000000a5500000|100%| O|  |TAMS 0x00000000a5400000, 0x00000000a5500000| Untracked 
| 597|0x00000000a5500000, 0x00000000a5600000, 0x00000000a5600000|100%| O|  |TAMS 0x00000000a5500000, 0x00000000a5600000| Untracked 
| 598|0x00000000a5600000, 0x00000000a5700000, 0x00000000a5700000|100%| O|  |TAMS 0x00000000a5600000, 0x00000000a5700000| Untracked 
| 599|0x00000000a5700000, 0x00000000a5800000, 0x00000000a5800000|100%| O|  |TAMS 0x00000000a5700000, 0x00000000a5800000| Untracked 
| 600|0x00000000a5800000, 0x00000000a5900000, 0x00000000a5900000|100%| O|  |TAMS 0x00000000a5800000, 0x00000000a5900000| Untracked 
| 601|0x00000000a5900000, 0x00000000a5a00000, 0x00000000a5a00000|100%| O|  |TAMS 0x00000000a5900000, 0x00000000a5a00000| Untracked 
| 602|0x00000000a5a00000, 0x00000000a5b00000, 0x00000000a5b00000|100%| O|  |TAMS 0x00000000a5a00000, 0x00000000a5b00000| Untracked 
| 603|0x00000000a5b00000, 0x00000000a5c00000, 0x00000000a5c00000|100%| O|  |TAMS 0x00000000a5b00000, 0x00000000a5c00000| Untracked 
| 604|0x00000000a5c00000, 0x00000000a5d00000, 0x00000000a5d00000|100%| O|  |TAMS 0x00000000a5c00000, 0x00000000a5d00000| Untracked 
| 605|0x00000000a5d00000, 0x00000000a5e00000, 0x00000000a5e00000|100%| O|  |TAMS 0x00000000a5d00000, 0x00000000a5e00000| Untracked 
| 606|0x00000000a5e00000, 0x00000000a5f00000, 0x00000000a5f00000|100%| O|  |TAMS 0x00000000a5e00000, 0x00000000a5f00000| Untracked 
| 607|0x00000000a5f00000, 0x00000000a6000000, 0x00000000a6000000|100%| O|  |TAMS 0x00000000a5f00000, 0x00000000a6000000| Untracked 
| 608|0x00000000a6000000, 0x00000000a6100000, 0x00000000a6100000|100%| O|  |TAMS 0x00000000a6000000, 0x00000000a6100000| Untracked 
| 609|0x00000000a6100000, 0x00000000a6200000, 0x00000000a6200000|100%| O|  |TAMS 0x00000000a6100000, 0x00000000a6200000| Untracked 
| 610|0x00000000a6200000, 0x00000000a6300000, 0x00000000a6300000|100%| O|  |TAMS 0x00000000a6200000, 0x00000000a6300000| Untracked 
| 611|0x00000000a6300000, 0x00000000a6400000, 0x00000000a6400000|100%| O|  |TAMS 0x00000000a6300000, 0x00000000a6400000| Untracked 
| 612|0x00000000a6400000, 0x00000000a6500000, 0x00000000a6500000|100%| O|  |TAMS 0x00000000a6400000, 0x00000000a6500000| Untracked 
| 613|0x00000000a6500000, 0x00000000a6600000, 0x00000000a6600000|100%| O|  |TAMS 0x00000000a6500000, 0x00000000a6600000| Untracked 
| 614|0x00000000a6600000, 0x00000000a6700000, 0x00000000a6700000|100%| O|  |TAMS 0x00000000a6600000, 0x00000000a6700000| Untracked 
| 615|0x00000000a6700000, 0x00000000a6800000, 0x00000000a6800000|100%| O|  |TAMS 0x00000000a6700000, 0x00000000a6800000| Untracked 
| 616|0x00000000a6800000, 0x00000000a6900000, 0x00000000a6900000|100%| O|  |TAMS 0x00000000a6800000, 0x00000000a6900000| Untracked 
| 617|0x00000000a6900000, 0x00000000a6a00000, 0x00000000a6a00000|100%| O|  |TAMS 0x00000000a6900000, 0x00000000a6a00000| Untracked 
| 618|0x00000000a6a00000, 0x00000000a6b00000, 0x00000000a6b00000|100%| O|  |TAMS 0x00000000a6a00000, 0x00000000a6b00000| Untracked 
| 619|0x00000000a6b00000, 0x00000000a6c00000, 0x00000000a6c00000|100%| O|  |TAMS 0x00000000a6b00000, 0x00000000a6c00000| Untracked 
| 620|0x00000000a6c00000, 0x00000000a6d00000, 0x00000000a6d00000|100%| O|  |TAMS 0x00000000a6c00000, 0x00000000a6d00000| Untracked 
| 621|0x00000000a6d00000, 0x00000000a6e00000, 0x00000000a6e00000|100%| O|  |TAMS 0x00000000a6d00000, 0x00000000a6e00000| Untracked 
| 622|0x00000000a6e00000, 0x00000000a6f00000, 0x00000000a6f00000|100%| O|  |TAMS 0x00000000a6e00000, 0x00000000a6f00000| Untracked 
| 623|0x00000000a6f00000, 0x00000000a7000000, 0x00000000a7000000|100%| O|  |TAMS 0x00000000a6f00000, 0x00000000a7000000| Untracked 
| 624|0x00000000a7000000, 0x00000000a7100000, 0x00000000a7100000|100%| O|  |TAMS 0x00000000a7000000, 0x00000000a7100000| Untracked 
| 625|0x00000000a7100000, 0x00000000a7200000, 0x00000000a7200000|100%| O|  |TAMS 0x00000000a7100000, 0x00000000a7200000| Untracked 
| 626|0x00000000a7200000, 0x00000000a7300000, 0x00000000a7300000|100%| O|  |TAMS 0x00000000a7200000, 0x00000000a7300000| Untracked 
| 627|0x00000000a7300000, 0x00000000a7400000, 0x00000000a7400000|100%| O|  |TAMS 0x00000000a7300000, 0x00000000a7400000| Untracked 
| 628|0x00000000a7400000, 0x00000000a7500000, 0x00000000a7500000|100%| O|  |TAMS 0x00000000a7400000, 0x00000000a7500000| Untracked 
| 629|0x00000000a7500000, 0x00000000a7600000, 0x00000000a7600000|100%| O|  |TAMS 0x00000000a7500000, 0x00000000a7600000| Untracked 
| 630|0x00000000a7600000, 0x00000000a7700000, 0x00000000a7700000|100%| O|  |TAMS 0x00000000a7600000, 0x00000000a7700000| Untracked 
| 631|0x00000000a7700000, 0x00000000a7800000, 0x00000000a7800000|100%| O|  |TAMS 0x00000000a7700000, 0x00000000a7800000| Untracked 
| 632|0x00000000a7800000, 0x00000000a7900000, 0x00000000a7900000|100%| O|  |TAMS 0x00000000a7800000, 0x00000000a7900000| Untracked 
| 633|0x00000000a7900000, 0x00000000a7a00000, 0x00000000a7a00000|100%| O|  |TAMS 0x00000000a7900000, 0x00000000a7a00000| Untracked 
| 634|0x00000000a7a00000, 0x00000000a7b00000, 0x00000000a7b00000|100%| O|  |TAMS 0x00000000a7a00000, 0x00000000a7b00000| Untracked 
| 635|0x00000000a7b00000, 0x00000000a7c00000, 0x00000000a7c00000|100%| O|  |TAMS 0x00000000a7b00000, 0x00000000a7c00000| Untracked 
| 636|0x00000000a7c00000, 0x00000000a7d00000, 0x00000000a7d00000|100%| O|  |TAMS 0x00000000a7c00000, 0x00000000a7d00000| Untracked 
| 637|0x00000000a7d00000, 0x00000000a7e00000, 0x00000000a7e00000|100%| O|  |TAMS 0x00000000a7d00000, 0x00000000a7e00000| Untracked 
| 638|0x00000000a7e00000, 0x00000000a7f00000, 0x00000000a7f00000|100%| O|  |TAMS 0x00000000a7e00000, 0x00000000a7f00000| Untracked 
| 639|0x00000000a7f00000, 0x00000000a8000000, 0x00000000a8000000|100%| O|  |TAMS 0x00000000a7f00000, 0x00000000a8000000| Untracked 
| 640|0x00000000a8000000, 0x00000000a8100000, 0x00000000a8100000|100%| O|  |TAMS 0x00000000a8000000, 0x00000000a8100000| Untracked 
| 641|0x00000000a8100000, 0x00000000a8200000, 0x00000000a8200000|100%| O|  |TAMS 0x00000000a8100000, 0x00000000a8200000| Untracked 
| 642|0x00000000a8200000, 0x00000000a8300000, 0x00000000a8300000|100%| O|  |TAMS 0x00000000a8200000, 0x00000000a8300000| Untracked 
| 643|0x00000000a8300000, 0x00000000a8400000, 0x00000000a8400000|100%| O|  |TAMS 0x00000000a8300000, 0x00000000a8400000| Untracked 
| 644|0x00000000a8400000, 0x00000000a8500000, 0x00000000a8500000|100%| O|  |TAMS 0x00000000a8400000, 0x00000000a8500000| Untracked 
| 645|0x00000000a8500000, 0x00000000a8600000, 0x00000000a8600000|100%| O|  |TAMS 0x00000000a8500000, 0x00000000a8600000| Untracked 
| 646|0x00000000a8600000, 0x00000000a8700000, 0x00000000a8700000|100%| O|  |TAMS 0x00000000a8600000, 0x00000000a8700000| Untracked 
| 647|0x00000000a8700000, 0x00000000a8800000, 0x00000000a8800000|100%| O|  |TAMS 0x00000000a8700000, 0x00000000a8800000| Untracked 
| 648|0x00000000a8800000, 0x00000000a8900000, 0x00000000a8900000|100%| O|  |TAMS 0x00000000a8800000, 0x00000000a8900000| Untracked 
| 649|0x00000000a8900000, 0x00000000a8a00000, 0x00000000a8a00000|100%| O|  |TAMS 0x00000000a8900000, 0x00000000a8a00000| Untracked 
| 650|0x00000000a8a00000, 0x00000000a8b00000, 0x00000000a8b00000|100%| O|  |TAMS 0x00000000a8a00000, 0x00000000a8b00000| Untracked 
| 651|0x00000000a8b00000, 0x00000000a8c00000, 0x00000000a8c00000|100%| O|  |TAMS 0x00000000a8b00000, 0x00000000a8c00000| Untracked 
| 652|0x00000000a8c00000, 0x00000000a8d00000, 0x00000000a8d00000|100%| O|  |TAMS 0x00000000a8c00000, 0x00000000a8d00000| Untracked 
| 653|0x00000000a8d00000, 0x00000000a8e00000, 0x00000000a8e00000|100%| O|  |TAMS 0x00000000a8d00000, 0x00000000a8e00000| Untracked 
| 654|0x00000000a8e00000, 0x00000000a8f00000, 0x00000000a8f00000|100%| O|  |TAMS 0x00000000a8e00000, 0x00000000a8f00000| Untracked 
| 655|0x00000000a8f00000, 0x00000000a9000000, 0x00000000a9000000|100%| O|  |TAMS 0x00000000a8f00000, 0x00000000a9000000| Untracked 
| 656|0x00000000a9000000, 0x00000000a9100000, 0x00000000a9100000|100%|HS|  |TAMS 0x00000000a9000000, 0x00000000a9100000| Complete 
| 657|0x00000000a9100000, 0x00000000a9200000, 0x00000000a9200000|100%| O|  |TAMS 0x00000000a9100000, 0x00000000a9200000| Untracked 
| 658|0x00000000a9200000, 0x00000000a9300000, 0x00000000a9300000|100%| O|  |TAMS 0x00000000a9200000, 0x00000000a9300000| Untracked 
| 659|0x00000000a9300000, 0x00000000a9400000, 0x00000000a9400000|100%| O|  |TAMS 0x00000000a9300000, 0x00000000a9400000| Untracked 
| 660|0x00000000a9400000, 0x00000000a9500000, 0x00000000a9500000|100%| O|  |TAMS 0x00000000a9400000, 0x00000000a9500000| Untracked 
| 661|0x00000000a9500000, 0x00000000a9600000, 0x00000000a9600000|100%| O|  |TAMS 0x00000000a9500000, 0x00000000a9600000| Untracked 
| 662|0x00000000a9600000, 0x00000000a9700000, 0x00000000a9700000|100%| O|  |TAMS 0x00000000a9600000, 0x00000000a9700000| Untracked 
| 663|0x00000000a9700000, 0x00000000a9800000, 0x00000000a9800000|100%| O|  |TAMS 0x00000000a9700000, 0x00000000a9800000| Untracked 
| 664|0x00000000a9800000, 0x00000000a9900000, 0x00000000a9900000|100%| O|  |TAMS 0x00000000a9800000, 0x00000000a9900000| Untracked 
| 665|0x00000000a9900000, 0x00000000a9a00000, 0x00000000a9a00000|100%| O|  |TAMS 0x00000000a9900000, 0x00000000a9a00000| Untracked 
| 666|0x00000000a9a00000, 0x00000000a9b00000, 0x00000000a9b00000|100%| O|  |TAMS 0x00000000a9a00000, 0x00000000a9b00000| Untracked 
| 667|0x00000000a9b00000, 0x00000000a9c00000, 0x00000000a9c00000|100%| O|  |TAMS 0x00000000a9b00000, 0x00000000a9c00000| Untracked 
| 668|0x00000000a9c00000, 0x00000000a9d00000, 0x00000000a9d00000|100%| O|  |TAMS 0x00000000a9c00000, 0x00000000a9d00000| Untracked 
| 669|0x00000000a9d00000, 0x00000000a9e00000, 0x00000000a9e00000|100%| O|  |TAMS 0x00000000a9d00000, 0x00000000a9e00000| Untracked 
| 670|0x00000000a9e00000, 0x00000000a9f00000, 0x00000000a9f00000|100%| O|  |TAMS 0x00000000a9e00000, 0x00000000a9f00000| Untracked 
| 671|0x00000000a9f00000, 0x00000000aa000000, 0x00000000aa000000|100%| O|  |TAMS 0x00000000a9f00000, 0x00000000aa000000| Untracked 
| 672|0x00000000aa000000, 0x00000000aa100000, 0x00000000aa100000|100%| O|  |TAMS 0x00000000aa000000, 0x00000000aa100000| Untracked 
| 673|0x00000000aa100000, 0x00000000aa200000, 0x00000000aa200000|100%| O|  |TAMS 0x00000000aa100000, 0x00000000aa200000| Untracked 
| 674|0x00000000aa200000, 0x00000000aa300000, 0x00000000aa300000|100%| O|  |TAMS 0x00000000aa200000, 0x00000000aa300000| Untracked 
| 675|0x00000000aa300000, 0x00000000aa400000, 0x00000000aa400000|100%| O|  |TAMS 0x00000000aa300000, 0x00000000aa400000| Untracked 
| 676|0x00000000aa400000, 0x00000000aa500000, 0x00000000aa500000|100%| O|  |TAMS 0x00000000aa400000, 0x00000000aa500000| Untracked 
| 677|0x00000000aa500000, 0x00000000aa600000, 0x00000000aa600000|100%| O|  |TAMS 0x00000000aa500000, 0x00000000aa600000| Untracked 
| 678|0x00000000aa600000, 0x00000000aa700000, 0x00000000aa700000|100%| O|  |TAMS 0x00000000aa600000, 0x00000000aa700000| Untracked 
| 679|0x00000000aa700000, 0x00000000aa800000, 0x00000000aa800000|100%| O|  |TAMS 0x00000000aa700000, 0x00000000aa800000| Untracked 
| 680|0x00000000aa800000, 0x00000000aa900000, 0x00000000aa900000|100%| O|  |TAMS 0x00000000aa800000, 0x00000000aa900000| Untracked 
| 681|0x00000000aa900000, 0x00000000aaa00000, 0x00000000aaa00000|100%| O|  |TAMS 0x00000000aa900000, 0x00000000aaa00000| Untracked 
| 682|0x00000000aaa00000, 0x00000000aab00000, 0x00000000aab00000|100%| O|  |TAMS 0x00000000aaa00000, 0x00000000aab00000| Untracked 
| 683|0x00000000aab00000, 0x00000000aac00000, 0x00000000aac00000|100%| O|  |TAMS 0x00000000aab00000, 0x00000000aac00000| Untracked 
| 684|0x00000000aac00000, 0x00000000aad00000, 0x00000000aad00000|100%| O|  |TAMS 0x00000000aac00000, 0x00000000aad00000| Untracked 
| 685|0x00000000aad00000, 0x00000000aae00000, 0x00000000aae00000|100%| O|  |TAMS 0x00000000aad00000, 0x00000000aae00000| Untracked 
| 686|0x00000000aae00000, 0x00000000aaf00000, 0x00000000aaf00000|100%| O|  |TAMS 0x00000000aae00000, 0x00000000aaf00000| Untracked 
| 687|0x00000000aaf00000, 0x00000000ab000000, 0x00000000ab000000|100%| O|  |TAMS 0x00000000aaf00000, 0x00000000ab000000| Untracked 
| 688|0x00000000ab000000, 0x00000000ab100000, 0x00000000ab100000|100%| O|  |TAMS 0x00000000ab000000, 0x00000000ab100000| Untracked 
| 689|0x00000000ab100000, 0x00000000ab200000, 0x00000000ab200000|100%| O|  |TAMS 0x00000000ab100000, 0x00000000ab200000| Untracked 
| 690|0x00000000ab200000, 0x00000000ab300000, 0x00000000ab300000|100%| O|  |TAMS 0x00000000ab200000, 0x00000000ab300000| Untracked 
| 691|0x00000000ab300000, 0x00000000ab400000, 0x00000000ab400000|100%| O|  |TAMS 0x00000000ab300000, 0x00000000ab400000| Untracked 
| 692|0x00000000ab400000, 0x00000000ab500000, 0x00000000ab500000|100%| O|  |TAMS 0x00000000ab400000, 0x00000000ab500000| Untracked 
| 693|0x00000000ab500000, 0x00000000ab600000, 0x00000000ab600000|100%| O|  |TAMS 0x00000000ab500000, 0x00000000ab600000| Untracked 
| 694|0x00000000ab600000, 0x00000000ab700000, 0x00000000ab700000|100%| O|  |TAMS 0x00000000ab600000, 0x00000000ab700000| Untracked 
| 695|0x00000000ab700000, 0x00000000ab800000, 0x00000000ab800000|100%| O|  |TAMS 0x00000000ab700000, 0x00000000ab800000| Untracked 
| 696|0x00000000ab800000, 0x00000000ab900000, 0x00000000ab900000|100%| O|  |TAMS 0x00000000ab800000, 0x00000000ab900000| Untracked 
| 697|0x00000000ab900000, 0x00000000aba00000, 0x00000000aba00000|100%| O|  |TAMS 0x00000000ab900000, 0x00000000aba00000| Untracked 
| 698|0x00000000aba00000, 0x00000000abb00000, 0x00000000abb00000|100%| O|  |TAMS 0x00000000aba00000, 0x00000000abb00000| Untracked 
| 699|0x00000000abb00000, 0x00000000abc00000, 0x00000000abc00000|100%| O|  |TAMS 0x00000000abb00000, 0x00000000abc00000| Untracked 
| 700|0x00000000abc00000, 0x00000000abd00000, 0x00000000abd00000|100%| O|  |TAMS 0x00000000abc00000, 0x00000000abd00000| Untracked 
| 701|0x00000000abd00000, 0x00000000abe00000, 0x00000000abe00000|100%| O|  |TAMS 0x00000000abd00000, 0x00000000abe00000| Untracked 
| 702|0x00000000abe00000, 0x00000000abf00000, 0x00000000abf00000|100%| O|  |TAMS 0x00000000abe00000, 0x00000000abf00000| Untracked 
| 703|0x00000000abf00000, 0x00000000ac000000, 0x00000000ac000000|100%| O|  |TAMS 0x00000000abf00000, 0x00000000ac000000| Untracked 
| 704|0x00000000ac000000, 0x00000000ac100000, 0x00000000ac100000|100%| O|  |TAMS 0x00000000ac000000, 0x00000000ac100000| Untracked 
| 705|0x00000000ac100000, 0x00000000ac200000, 0x00000000ac200000|100%| O|  |TAMS 0x00000000ac100000, 0x00000000ac200000| Untracked 
| 706|0x00000000ac200000, 0x00000000ac300000, 0x00000000ac300000|100%| O|  |TAMS 0x00000000ac200000, 0x00000000ac300000| Untracked 
| 707|0x00000000ac300000, 0x00000000ac400000, 0x00000000ac400000|100%| O|  |TAMS 0x00000000ac300000, 0x00000000ac400000| Untracked 
| 708|0x00000000ac400000, 0x00000000ac500000, 0x00000000ac500000|100%| O|  |TAMS 0x00000000ac400000, 0x00000000ac500000| Untracked 
| 709|0x00000000ac500000, 0x00000000ac600000, 0x00000000ac600000|100%| O|  |TAMS 0x00000000ac500000, 0x00000000ac600000| Untracked 
| 710|0x00000000ac600000, 0x00000000ac700000, 0x00000000ac700000|100%| O|  |TAMS 0x00000000ac600000, 0x00000000ac700000| Untracked 
| 711|0x00000000ac700000, 0x00000000ac800000, 0x00000000ac800000|100%| O|  |TAMS 0x00000000ac700000, 0x00000000ac800000| Untracked 
| 712|0x00000000ac800000, 0x00000000ac900000, 0x00000000ac900000|100%| O|  |TAMS 0x00000000ac800000, 0x00000000ac900000| Untracked 
| 713|0x00000000ac900000, 0x00000000aca00000, 0x00000000aca00000|100%| O|  |TAMS 0x00000000ac900000, 0x00000000aca00000| Untracked 
| 714|0x00000000aca00000, 0x00000000acb00000, 0x00000000acb00000|100%| O|  |TAMS 0x00000000aca00000, 0x00000000acb00000| Untracked 
| 715|0x00000000acb00000, 0x00000000acc00000, 0x00000000acc00000|100%| O|  |TAMS 0x00000000acb00000, 0x00000000acc00000| Untracked 
| 716|0x00000000acc00000, 0x00000000acd00000, 0x00000000acd00000|100%| O|  |TAMS 0x00000000acc00000, 0x00000000acd00000| Untracked 
| 717|0x00000000acd00000, 0x00000000ace00000, 0x00000000ace00000|100%| O|  |TAMS 0x00000000acd00000, 0x00000000ace00000| Untracked 
| 718|0x00000000ace00000, 0x00000000acf00000, 0x00000000acf00000|100%| O|  |TAMS 0x00000000ace00000, 0x00000000acf00000| Untracked 
| 719|0x00000000acf00000, 0x00000000ad000000, 0x00000000ad000000|100%| O|  |TAMS 0x00000000acf00000, 0x00000000ad000000| Untracked 
| 720|0x00000000ad000000, 0x00000000ad100000, 0x00000000ad100000|100%| O|  |TAMS 0x00000000ad000000, 0x00000000ad100000| Untracked 
| 721|0x00000000ad100000, 0x00000000ad200000, 0x00000000ad200000|100%| O|  |TAMS 0x00000000ad100000, 0x00000000ad200000| Untracked 
| 722|0x00000000ad200000, 0x00000000ad300000, 0x00000000ad300000|100%| O|  |TAMS 0x00000000ad200000, 0x00000000ad200000| Untracked 
| 723|0x00000000ad300000, 0x00000000ad400000, 0x00000000ad400000|100%|HS|  |TAMS 0x00000000ad300000, 0x00000000ad400000| Complete 
| 724|0x00000000ad400000, 0x00000000ad500000, 0x00000000ad500000|100%|HC|  |TAMS 0x00000000ad400000, 0x00000000ad500000| Complete 
| 725|0x00000000ad500000, 0x00000000ad600000, 0x00000000ad600000|100%|HC|  |TAMS 0x00000000ad500000, 0x00000000ad600000| Complete 
| 726|0x00000000ad600000, 0x00000000ad700000, 0x00000000ad700000|100%|HS|  |TAMS 0x00000000ad600000, 0x00000000ad700000| Complete 
| 727|0x00000000ad700000, 0x00000000ad800000, 0x00000000ad800000|100%|HC|  |TAMS 0x00000000ad700000, 0x00000000ad800000| Complete 
| 728|0x00000000ad800000, 0x00000000ad900000, 0x00000000ad900000|100%| O|  |TAMS 0x00000000ad800000, 0x00000000ad900000| Untracked 
| 729|0x00000000ad900000, 0x00000000ada00000, 0x00000000ada00000|100%| O|  |TAMS 0x00000000ad900000, 0x00000000ada00000| Untracked 
| 730|0x00000000ada00000, 0x00000000adb00000, 0x00000000adb00000|100%| O|  |TAMS 0x00000000ada00000, 0x00000000adb00000| Untracked 
| 731|0x00000000adb00000, 0x00000000adc00000, 0x00000000adc00000|100%| O|  |TAMS 0x00000000adb00000, 0x00000000adc00000| Untracked 
| 732|0x00000000adc00000, 0x00000000add00000, 0x00000000add00000|100%| O|  |TAMS 0x00000000adc00000, 0x00000000add00000| Untracked 
| 733|0x00000000add00000, 0x00000000ade00000, 0x00000000ade00000|100%| O|  |TAMS 0x00000000add00000, 0x00000000ade00000| Untracked 
| 734|0x00000000ade00000, 0x00000000adf00000, 0x00000000adf00000|100%| O|  |TAMS 0x00000000ade00000, 0x00000000adf00000| Untracked 
| 735|0x00000000adf00000, 0x00000000ae000000, 0x00000000ae000000|100%| O|  |TAMS 0x00000000adf00000, 0x00000000ae000000| Untracked 
| 736|0x00000000ae000000, 0x00000000ae100000, 0x00000000ae100000|100%| O|  |TAMS 0x00000000ae000000, 0x00000000ae100000| Untracked 
| 737|0x00000000ae100000, 0x00000000ae200000, 0x00000000ae200000|100%| O|  |TAMS 0x00000000ae100000, 0x00000000ae200000| Untracked 
| 738|0x00000000ae200000, 0x00000000ae300000, 0x00000000ae300000|100%| O|  |TAMS 0x00000000ae200000, 0x00000000ae300000| Untracked 
| 739|0x00000000ae300000, 0x00000000ae400000, 0x00000000ae400000|100%| O|  |TAMS 0x00000000ae300000, 0x00000000ae400000| Untracked 
| 740|0x00000000ae400000, 0x00000000ae500000, 0x00000000ae500000|100%| O|  |TAMS 0x00000000ae400000, 0x00000000ae500000| Untracked 
| 741|0x00000000ae500000, 0x00000000ae600000, 0x00000000ae600000|100%| O|  |TAMS 0x00000000ae500000, 0x00000000ae600000| Untracked 
| 742|0x00000000ae600000, 0x00000000ae700000, 0x00000000ae700000|100%| O|  |TAMS 0x00000000ae600000, 0x00000000ae700000| Untracked 
| 743|0x00000000ae700000, 0x00000000ae800000, 0x00000000ae800000|100%| O|  |TAMS 0x00000000ae700000, 0x00000000ae800000| Untracked 
| 744|0x00000000ae800000, 0x00000000ae900000, 0x00000000ae900000|100%|HS|  |TAMS 0x00000000ae800000, 0x00000000ae900000| Complete 
| 745|0x00000000ae900000, 0x00000000aea00000, 0x00000000aea00000|100%|HC|  |TAMS 0x00000000ae900000, 0x00000000aea00000| Complete 
| 746|0x00000000aea00000, 0x00000000aeb00000, 0x00000000aeb00000|100%|HS|  |TAMS 0x00000000aea00000, 0x00000000aeb00000| Complete 
| 747|0x00000000aeb00000, 0x00000000aec00000, 0x00000000aec00000|100%|HC|  |TAMS 0x00000000aeb00000, 0x00000000aec00000| Complete 
| 748|0x00000000aec00000, 0x00000000aed00000, 0x00000000aed00000|100%|HS|  |TAMS 0x00000000aec00000, 0x00000000aed00000| Complete 
| 749|0x00000000aed00000, 0x00000000aee00000, 0x00000000aee00000|100%|HS|  |TAMS 0x00000000aed00000, 0x00000000aee00000| Complete 
| 750|0x00000000aee00000, 0x00000000aef00000, 0x00000000aef00000|100%|HS|  |TAMS 0x00000000aee00000, 0x00000000aef00000| Complete 
| 751|0x00000000aef00000, 0x00000000af000000, 0x00000000af000000|100%|HC|  |TAMS 0x00000000aef00000, 0x00000000af000000| Complete 
| 752|0x00000000af000000, 0x00000000af100000, 0x00000000af100000|100%|HS|  |TAMS 0x00000000af000000, 0x00000000af100000| Complete 
| 753|0x00000000af100000, 0x00000000af200000, 0x00000000af200000|100%|HC|  |TAMS 0x00000000af100000, 0x00000000af200000| Complete 
| 754|0x00000000af200000, 0x00000000af300000, 0x00000000af300000|100%|HS|  |TAMS 0x00000000af200000, 0x00000000af300000| Complete 
| 755|0x00000000af300000, 0x00000000af400000, 0x00000000af400000|100%|HS|  |TAMS 0x00000000af300000, 0x00000000af400000| Complete 
| 756|0x00000000af400000, 0x00000000af500000, 0x00000000af500000|100%|HC|  |TAMS 0x00000000af400000, 0x00000000af500000| Complete 
| 757|0x00000000af500000, 0x00000000af600000, 0x00000000af600000|100%|HC|  |TAMS 0x00000000af500000, 0x00000000af600000| Complete 
| 758|0x00000000af600000, 0x00000000af700000, 0x00000000af700000|100%|HS|  |TAMS 0x00000000af600000, 0x00000000af700000| Complete 
| 759|0x00000000af700000, 0x00000000af800000, 0x00000000af800000|100%|HC|  |TAMS 0x00000000af700000, 0x00000000af800000| Complete 
| 760|0x00000000af800000, 0x00000000af900000, 0x00000000af900000|100%|HC|  |TAMS 0x00000000af800000, 0x00000000af900000| Complete 
| 761|0x00000000af900000, 0x00000000afa00000, 0x00000000afa00000|100%|HS|  |TAMS 0x00000000af900000, 0x00000000afa00000| Complete 
| 762|0x00000000afa00000, 0x00000000afb00000, 0x00000000afb00000|100%|HS|  |TAMS 0x00000000afa00000, 0x00000000afb00000| Complete 
| 763|0x00000000afb00000, 0x00000000afc00000, 0x00000000afc00000|100%| O|  |TAMS 0x00000000afb00000, 0x00000000afb00000| Untracked 
| 764|0x00000000afc00000, 0x00000000afd00000, 0x00000000afd00000|100%| O|  |TAMS 0x00000000afc00000, 0x00000000afc00000| Untracked 
| 765|0x00000000afd00000, 0x00000000afe00000, 0x00000000afe00000|100%| O|  |TAMS 0x00000000afd00000, 0x00000000afd00000| Untracked 
| 766|0x00000000afe00000, 0x00000000aff00000, 0x00000000aff00000|100%| O|  |TAMS 0x00000000afe00000, 0x00000000afe00000| Untracked 
| 767|0x00000000aff00000, 0x00000000b0000000, 0x00000000b0000000|100%| O|  |TAMS 0x00000000aff00000, 0x00000000aff00000| Untracked 
| 768|0x00000000b0000000, 0x00000000b0100000, 0x00000000b0100000|100%| O|  |TAMS 0x00000000b0000000, 0x00000000b0000000| Untracked 
| 769|0x00000000b0100000, 0x00000000b0200000, 0x00000000b0200000|100%|HS|  |TAMS 0x00000000b0100000, 0x00000000b0200000| Complete 
| 770|0x00000000b0200000, 0x00000000b0300000, 0x00000000b0300000|100%|HC|  |TAMS 0x00000000b0200000, 0x00000000b0300000| Complete 
| 771|0x00000000b0300000, 0x00000000b0400000, 0x00000000b0400000|100%|HC|  |TAMS 0x00000000b0300000, 0x00000000b0400000| Complete 
| 772|0x00000000b0400000, 0x00000000b0500000, 0x00000000b0500000|100%| O|  |TAMS 0x00000000b0400000, 0x00000000b0400000| Untracked 
| 773|0x00000000b0500000, 0x00000000b0600000, 0x00000000b0600000|100%| O|  |TAMS 0x00000000b0500000, 0x00000000b0500000| Untracked 
| 774|0x00000000b0600000, 0x00000000b0700000, 0x00000000b0700000|100%| O|  |TAMS 0x00000000b0600000, 0x00000000b0600000| Untracked 
| 775|0x00000000b0700000, 0x00000000b0800000, 0x00000000b0800000|100%|HS|  |TAMS 0x00000000b0700000, 0x00000000b0800000| Complete 
| 776|0x00000000b0800000, 0x00000000b0900000, 0x00000000b0900000|100%|HC|  |TAMS 0x00000000b0800000, 0x00000000b0900000| Complete 
| 777|0x00000000b0900000, 0x00000000b0a00000, 0x00000000b0a00000|100%| O|  |TAMS 0x00000000b0900000, 0x00000000b0900000| Untracked 
| 778|0x00000000b0a00000, 0x00000000b0b00000, 0x00000000b0b00000|100%| O|  |TAMS 0x00000000b0a00000, 0x00000000b0a00000| Untracked 
| 779|0x00000000b0b00000, 0x00000000b0c00000, 0x00000000b0c00000|100%| O|  |TAMS 0x00000000b0b00000, 0x00000000b0b00000| Untracked 
| 780|0x00000000b0c00000, 0x00000000b0d00000, 0x00000000b0d00000|100%|HS|  |TAMS 0x00000000b0c00000, 0x00000000b0d00000| Complete 
| 781|0x00000000b0d00000, 0x00000000b0e00000, 0x00000000b0e00000|100%|HC|  |TAMS 0x00000000b0d00000, 0x00000000b0e00000| Complete 
| 782|0x00000000b0e00000, 0x00000000b0f00000, 0x00000000b0f00000|100%| O|  |TAMS 0x00000000b0e00000, 0x00000000b0e00000| Untracked 
| 783|0x00000000b0f00000, 0x00000000b1000000, 0x00000000b1000000|100%| O|  |TAMS 0x00000000b0f00000, 0x00000000b0f00000| Untracked 
| 784|0x00000000b1000000, 0x00000000b1100000, 0x00000000b1100000|100%| O|  |TAMS 0x00000000b1000000, 0x00000000b1000000| Untracked 
| 785|0x00000000b1100000, 0x00000000b1200000, 0x00000000b1200000|100%|HS|  |TAMS 0x00000000b1100000, 0x00000000b1200000| Complete 
| 786|0x00000000b1200000, 0x00000000b1300000, 0x00000000b1300000|100%|HC|  |TAMS 0x00000000b1200000, 0x00000000b1300000| Complete 
| 787|0x00000000b1300000, 0x00000000b1400000, 0x00000000b1400000|100%| O|  |TAMS 0x00000000b1300000, 0x00000000b1300000| Untracked 
| 788|0x00000000b1400000, 0x00000000b1500000, 0x00000000b1500000|100%|HS|  |TAMS 0x00000000b1400000, 0x00000000b1500000| Complete 
| 789|0x00000000b1500000, 0x00000000b1600000, 0x00000000b1600000|100%| O|  |TAMS 0x00000000b1500000, 0x00000000b1500000| Untracked 
| 790|0x00000000b1600000, 0x00000000b1700000, 0x00000000b1700000|100%|HS|  |TAMS 0x00000000b1600000, 0x00000000b1700000| Complete 
| 791|0x00000000b1700000, 0x00000000b1800000, 0x00000000b1800000|100%| O|  |TAMS 0x00000000b1700000, 0x00000000b1700000| Untracked 
| 792|0x00000000b1800000, 0x00000000b1900000, 0x00000000b1900000|100%| O|  |TAMS 0x00000000b1800000, 0x00000000b1800000| Untracked 
| 793|0x00000000b1900000, 0x00000000b1a00000, 0x00000000b1a00000|100%| O|  |TAMS 0x00000000b1900000, 0x00000000b1900000| Untracked 
| 794|0x00000000b1a00000, 0x00000000b1b00000, 0x00000000b1b00000|100%|HS|  |TAMS 0x00000000b1a00000, 0x00000000b1b00000| Complete 
| 795|0x00000000b1b00000, 0x00000000b1c00000, 0x00000000b1c00000|100%|HC|  |TAMS 0x00000000b1b00000, 0x00000000b1c00000| Complete 
| 796|0x00000000b1c00000, 0x00000000b1d00000, 0x00000000b1d00000|100%| O|  |TAMS 0x00000000b1c00000, 0x00000000b1c00000| Untracked 
| 797|0x00000000b1d00000, 0x00000000b1e00000, 0x00000000b1e00000|100%| O|  |TAMS 0x00000000b1d00000, 0x00000000b1d00000| Untracked 
| 798|0x00000000b1e00000, 0x00000000b1f00000, 0x00000000b1f00000|100%| O|  |TAMS 0x00000000b1e00000, 0x00000000b1e00000| Untracked 
| 799|0x00000000b1f00000, 0x00000000b2000000, 0x00000000b2000000|100%|HS|  |TAMS 0x00000000b1f00000, 0x00000000b2000000| Complete 
| 800|0x00000000b2000000, 0x00000000b2100000, 0x00000000b2100000|100%|HC|  |TAMS 0x00000000b2000000, 0x00000000b2100000| Complete 
| 801|0x00000000b2100000, 0x00000000b2200000, 0x00000000b2200000|100%| O|  |TAMS 0x00000000b2100000, 0x00000000b2100000| Untracked 
| 802|0x00000000b2200000, 0x00000000b2300000, 0x00000000b2300000|100%|HS|  |TAMS 0x00000000b2200000, 0x00000000b2300000| Complete 
| 803|0x00000000b2300000, 0x00000000b2400000, 0x00000000b2400000|100%| O|  |TAMS 0x00000000b2300000, 0x00000000b2300000| Untracked 
| 804|0x00000000b2400000, 0x00000000b2500000, 0x00000000b2500000|100%| O|  |TAMS 0x00000000b2400000, 0x00000000b2400000| Untracked 
| 805|0x00000000b2500000, 0x00000000b2600000, 0x00000000b2600000|100%| O|  |TAMS 0x00000000b2500000, 0x00000000b2500000| Untracked 
| 806|0x00000000b2600000, 0x00000000b2700000, 0x00000000b2700000|100%| O|  |TAMS 0x00000000b2600000, 0x00000000b2600000| Untracked 
| 807|0x00000000b2700000, 0x00000000b2800000, 0x00000000b2800000|100%| O|  |TAMS 0x00000000b2700000, 0x00000000b2700000| Untracked 
| 808|0x00000000b2800000, 0x00000000b2900000, 0x00000000b2900000|100%| O|  |TAMS 0x00000000b2800000, 0x00000000b2800000| Untracked 
| 809|0x00000000b2900000, 0x00000000b2a00000, 0x00000000b2a00000|100%|HS|  |TAMS 0x00000000b2900000, 0x00000000b2a00000| Complete 
| 810|0x00000000b2a00000, 0x00000000b2b00000, 0x00000000b2b00000|100%|HC|  |TAMS 0x00000000b2a00000, 0x00000000b2b00000| Complete 
| 811|0x00000000b2b00000, 0x00000000b2c00000, 0x00000000b2c00000|100%|HC|  |TAMS 0x00000000b2b00000, 0x00000000b2c00000| Complete 
| 812|0x00000000b2c00000, 0x00000000b2d00000, 0x00000000b2d00000|100%| O|  |TAMS 0x00000000b2c00000, 0x00000000b2c00000| Untracked 
| 813|0x00000000b2d00000, 0x00000000b2e00000, 0x00000000b2e00000|100%| O|  |TAMS 0x00000000b2d00000, 0x00000000b2d00000| Untracked 
| 814|0x00000000b2e00000, 0x00000000b2f00000, 0x00000000b2f00000|100%| O|  |TAMS 0x00000000b2e00000, 0x00000000b2e00000| Untracked 
| 815|0x00000000b2f00000, 0x00000000b3000000, 0x00000000b3000000|100%| O|  |TAMS 0x00000000b2f00000, 0x00000000b2f00000| Untracked 
| 816|0x00000000b3000000, 0x00000000b3100000, 0x00000000b3100000|100%| O|  |TAMS 0x00000000b3000000, 0x00000000b3000000| Untracked 
| 817|0x00000000b3100000, 0x00000000b3200000, 0x00000000b3200000|100%| O|  |TAMS 0x00000000b3100000, 0x00000000b3100000| Untracked 
| 818|0x00000000b3200000, 0x00000000b3300000, 0x00000000b3300000|100%|HS|  |TAMS 0x00000000b3200000, 0x00000000b3300000| Complete 
| 819|0x00000000b3300000, 0x00000000b3400000, 0x00000000b3400000|100%|HC|  |TAMS 0x00000000b3300000, 0x00000000b3400000| Complete 
| 820|0x00000000b3400000, 0x00000000b3500000, 0x00000000b3500000|100%|HC|  |TAMS 0x00000000b3400000, 0x00000000b3500000| Complete 
| 821|0x00000000b3500000, 0x00000000b3600000, 0x00000000b3600000|100%| O|  |TAMS 0x00000000b3500000, 0x00000000b3500000| Untracked 
| 822|0x00000000b3600000, 0x00000000b3700000, 0x00000000b3700000|100%|HS|  |TAMS 0x00000000b3600000, 0x00000000b3700000| Complete 
| 823|0x00000000b3700000, 0x00000000b3800000, 0x00000000b3800000|100%| O|  |TAMS 0x00000000b3700000, 0x00000000b3700000| Untracked 
| 824|0x00000000b3800000, 0x00000000b3900000, 0x00000000b3900000|100%|HS|  |TAMS 0x00000000b3800000, 0x00000000b3900000| Complete 
| 825|0x00000000b3900000, 0x00000000b3a00000, 0x00000000b3a00000|100%|HS|  |TAMS 0x00000000b3900000, 0x00000000b3a00000| Complete 
| 826|0x00000000b3a00000, 0x00000000b3b00000, 0x00000000b3b00000|100%|HS|  |TAMS 0x00000000b3a00000, 0x00000000b3b00000| Complete 
| 827|0x00000000b3b00000, 0x00000000b3c00000, 0x00000000b3c00000|100%|HS|  |TAMS 0x00000000b3b00000, 0x00000000b3c00000| Complete 
| 828|0x00000000b3c00000, 0x00000000b3d00000, 0x00000000b3d00000|100%|HC|  |TAMS 0x00000000b3c00000, 0x00000000b3d00000| Complete 
| 829|0x00000000b3d00000, 0x00000000b3e00000, 0x00000000b3e00000|100%|HS|  |TAMS 0x00000000b3d00000, 0x00000000b3e00000| Complete 
| 830|0x00000000b3e00000, 0x00000000b3f00000, 0x00000000b3f00000|100%|HC|  |TAMS 0x00000000b3e00000, 0x00000000b3f00000| Complete 
| 831|0x00000000b3f00000, 0x00000000b4000000, 0x00000000b4000000|100%|HS|  |TAMS 0x00000000b3f00000, 0x00000000b4000000| Complete 
| 832|0x00000000b4000000, 0x00000000b4100000, 0x00000000b4100000|100%| O|  |TAMS 0x00000000b4000000, 0x00000000b4100000| Untracked 
| 833|0x00000000b4100000, 0x00000000b4200000, 0x00000000b4200000|100%| O|  |TAMS 0x00000000b4100000, 0x00000000b4200000| Untracked 
| 834|0x00000000b4200000, 0x00000000b4300000, 0x00000000b4300000|100%| O|  |TAMS 0x00000000b4200000, 0x00000000b4300000| Untracked 
| 835|0x00000000b4300000, 0x00000000b4400000, 0x00000000b4400000|100%| O|  |TAMS 0x00000000b4300000, 0x00000000b4400000| Untracked 
| 836|0x00000000b4400000, 0x00000000b4500000, 0x00000000b4500000|100%| O|  |TAMS 0x00000000b4400000, 0x00000000b4500000| Untracked 
| 837|0x00000000b4500000, 0x00000000b4600000, 0x00000000b4600000|100%| O|  |TAMS 0x00000000b4500000, 0x00000000b4600000| Untracked 
| 838|0x00000000b4600000, 0x00000000b4700000, 0x00000000b4700000|100%| O|  |TAMS 0x00000000b4600000, 0x00000000b4700000| Untracked 
| 839|0x00000000b4700000, 0x00000000b4800000, 0x00000000b4800000|100%| O|  |TAMS 0x00000000b4700000, 0x00000000b4800000| Untracked 
| 840|0x00000000b4800000, 0x00000000b4900000, 0x00000000b4900000|100%| O|  |TAMS 0x00000000b4800000, 0x00000000b4900000| Untracked 
| 841|0x00000000b4900000, 0x00000000b4a00000, 0x00000000b4a00000|100%| O|  |TAMS 0x00000000b4900000, 0x00000000b4a00000| Untracked 
| 842|0x00000000b4a00000, 0x00000000b4b00000, 0x00000000b4b00000|100%| O|  |TAMS 0x00000000b4a00000, 0x00000000b4b00000| Untracked 
| 843|0x00000000b4b00000, 0x00000000b4c00000, 0x00000000b4c00000|100%| O|  |TAMS 0x00000000b4b00000, 0x00000000b4c00000| Untracked 
| 844|0x00000000b4c00000, 0x00000000b4d00000, 0x00000000b4d00000|100%| O|  |TAMS 0x00000000b4c00000, 0x00000000b4d00000| Untracked 
| 845|0x00000000b4d00000, 0x00000000b4e00000, 0x00000000b4e00000|100%| O|  |TAMS 0x00000000b4d00000, 0x00000000b4e00000| Untracked 
| 846|0x00000000b4e00000, 0x00000000b4f00000, 0x00000000b4f00000|100%| O|  |TAMS 0x00000000b4e00000, 0x00000000b4f00000| Untracked 
| 847|0x00000000b4f00000, 0x00000000b5000000, 0x00000000b5000000|100%| O|  |TAMS 0x00000000b4f00000, 0x00000000b5000000| Untracked 
| 848|0x00000000b5000000, 0x00000000b5100000, 0x00000000b5100000|100%| O|  |TAMS 0x00000000b5000000, 0x00000000b5100000| Untracked 
| 849|0x00000000b5100000, 0x00000000b5200000, 0x00000000b5200000|100%| O|  |TAMS 0x00000000b5100000, 0x00000000b5200000| Untracked 
| 850|0x00000000b5200000, 0x00000000b5300000, 0x00000000b5300000|100%| O|  |TAMS 0x00000000b5200000, 0x00000000b5300000| Untracked 
| 851|0x00000000b5300000, 0x00000000b5400000, 0x00000000b5400000|100%| O|  |TAMS 0x00000000b5300000, 0x00000000b5400000| Untracked 
| 852|0x00000000b5400000, 0x00000000b5500000, 0x00000000b5500000|100%| O|  |TAMS 0x00000000b5400000, 0x00000000b5500000| Untracked 
| 853|0x00000000b5500000, 0x00000000b5600000, 0x00000000b5600000|100%| O|  |TAMS 0x00000000b5500000, 0x00000000b5600000| Untracked 
| 854|0x00000000b5600000, 0x00000000b5700000, 0x00000000b5700000|100%| O|  |TAMS 0x00000000b5600000, 0x00000000b5700000| Untracked 
| 855|0x00000000b5700000, 0x00000000b5800000, 0x00000000b5800000|100%| O|  |TAMS 0x00000000b5700000, 0x00000000b5800000| Untracked 
| 856|0x00000000b5800000, 0x00000000b5900000, 0x00000000b5900000|100%| O|  |TAMS 0x00000000b5800000, 0x00000000b5900000| Untracked 
| 857|0x00000000b5900000, 0x00000000b5a00000, 0x00000000b5a00000|100%| O|  |TAMS 0x00000000b5900000, 0x00000000b5a00000| Untracked 
| 858|0x00000000b5a00000, 0x00000000b5b00000, 0x00000000b5b00000|100%| O|  |TAMS 0x00000000b5a00000, 0x00000000b5b00000| Untracked 
| 859|0x00000000b5b00000, 0x00000000b5c00000, 0x00000000b5c00000|100%| O|  |TAMS 0x00000000b5b00000, 0x00000000b5c00000| Untracked 
| 860|0x00000000b5c00000, 0x00000000b5d00000, 0x00000000b5d00000|100%| O|  |TAMS 0x00000000b5c00000, 0x00000000b5d00000| Untracked 
| 861|0x00000000b5d00000, 0x00000000b5e00000, 0x00000000b5e00000|100%| O|  |TAMS 0x00000000b5d00000, 0x00000000b5e00000| Untracked 
| 862|0x00000000b5e00000, 0x00000000b5f00000, 0x00000000b5f00000|100%| O|  |TAMS 0x00000000b5e00000, 0x00000000b5f00000| Untracked 
| 863|0x00000000b5f00000, 0x00000000b6000000, 0x00000000b6000000|100%| O|  |TAMS 0x00000000b5f00000, 0x00000000b6000000| Untracked 
| 864|0x00000000b6000000, 0x00000000b6100000, 0x00000000b6100000|100%| O|  |TAMS 0x00000000b6000000, 0x00000000b6100000| Untracked 
| 865|0x00000000b6100000, 0x00000000b6200000, 0x00000000b6200000|100%| O|  |TAMS 0x00000000b6100000, 0x00000000b6200000| Untracked 
| 866|0x00000000b6200000, 0x00000000b6300000, 0x00000000b6300000|100%| O|  |TAMS 0x00000000b6200000, 0x00000000b6300000| Untracked 
| 867|0x00000000b6300000, 0x00000000b6400000, 0x00000000b6400000|100%| O|  |TAMS 0x00000000b6300000, 0x00000000b6400000| Untracked 
| 868|0x00000000b6400000, 0x00000000b6500000, 0x00000000b6500000|100%| O|  |TAMS 0x00000000b6400000, 0x00000000b6500000| Untracked 
| 869|0x00000000b6500000, 0x00000000b6600000, 0x00000000b6600000|100%| O|  |TAMS 0x00000000b6500000, 0x00000000b6600000| Untracked 
| 870|0x00000000b6600000, 0x00000000b6700000, 0x00000000b6700000|100%| O|  |TAMS 0x00000000b6600000, 0x00000000b6700000| Untracked 
| 871|0x00000000b6700000, 0x00000000b6800000, 0x00000000b6800000|100%| O|  |TAMS 0x00000000b6700000, 0x00000000b6800000| Untracked 
| 872|0x00000000b6800000, 0x00000000b6900000, 0x00000000b6900000|100%| O|  |TAMS 0x00000000b6800000, 0x00000000b6900000| Untracked 
| 873|0x00000000b6900000, 0x00000000b6a00000, 0x00000000b6a00000|100%| O|  |TAMS 0x00000000b6900000, 0x00000000b6a00000| Untracked 
| 874|0x00000000b6a00000, 0x00000000b6b00000, 0x00000000b6b00000|100%| O|  |TAMS 0x00000000b6a00000, 0x00000000b6b00000| Untracked 
| 875|0x00000000b6b00000, 0x00000000b6c00000, 0x00000000b6c00000|100%| O|  |TAMS 0x00000000b6b00000, 0x00000000b6c00000| Untracked 
| 876|0x00000000b6c00000, 0x00000000b6d00000, 0x00000000b6d00000|100%| O|  |TAMS 0x00000000b6c00000, 0x00000000b6d00000| Untracked 
| 877|0x00000000b6d00000, 0x00000000b6e00000, 0x00000000b6e00000|100%| O|  |TAMS 0x00000000b6d00000, 0x00000000b6e00000| Untracked 
| 878|0x00000000b6e00000, 0x00000000b6f00000, 0x00000000b6f00000|100%| O|  |TAMS 0x00000000b6e00000, 0x00000000b6f00000| Untracked 
| 879|0x00000000b6f00000, 0x00000000b7000000, 0x00000000b7000000|100%| O|  |TAMS 0x00000000b6f00000, 0x00000000b7000000| Untracked 
| 880|0x00000000b7000000, 0x00000000b7100000, 0x00000000b7100000|100%| O|  |TAMS 0x00000000b7000000, 0x00000000b7100000| Untracked 
| 881|0x00000000b7100000, 0x00000000b7200000, 0x00000000b7200000|100%| O|  |TAMS 0x00000000b7100000, 0x00000000b7200000| Untracked 
| 882|0x00000000b7200000, 0x00000000b7300000, 0x00000000b7300000|100%| O|  |TAMS 0x00000000b7200000, 0x00000000b7300000| Untracked 
| 883|0x00000000b7300000, 0x00000000b7400000, 0x00000000b7400000|100%| O|  |TAMS 0x00000000b7300000, 0x00000000b7400000| Untracked 
| 884|0x00000000b7400000, 0x00000000b7500000, 0x00000000b7500000|100%| O|  |TAMS 0x00000000b7400000, 0x00000000b7500000| Untracked 
| 885|0x00000000b7500000, 0x00000000b7600000, 0x00000000b7600000|100%| O|  |TAMS 0x00000000b7500000, 0x00000000b7600000| Untracked 
| 886|0x00000000b7600000, 0x00000000b7700000, 0x00000000b7700000|100%| O|  |TAMS 0x00000000b7600000, 0x00000000b7700000| Untracked 
| 887|0x00000000b7700000, 0x00000000b7800000, 0x00000000b7800000|100%| O|  |TAMS 0x00000000b7700000, 0x00000000b7800000| Untracked 
| 888|0x00000000b7800000, 0x00000000b7900000, 0x00000000b7900000|100%| O|  |TAMS 0x00000000b7800000, 0x00000000b7900000| Untracked 
| 889|0x00000000b7900000, 0x00000000b7a00000, 0x00000000b7a00000|100%| O|  |TAMS 0x00000000b7900000, 0x00000000b7a00000| Untracked 
| 890|0x00000000b7a00000, 0x00000000b7b00000, 0x00000000b7b00000|100%| O|  |TAMS 0x00000000b7a00000, 0x00000000b7b00000| Untracked 
| 891|0x00000000b7b00000, 0x00000000b7c00000, 0x00000000b7c00000|100%| O|  |TAMS 0x00000000b7b00000, 0x00000000b7c00000| Untracked 
| 892|0x00000000b7c00000, 0x00000000b7d00000, 0x00000000b7d00000|100%| O|  |TAMS 0x00000000b7c00000, 0x00000000b7d00000| Untracked 
| 893|0x00000000b7d00000, 0x00000000b7e00000, 0x00000000b7e00000|100%| O|  |TAMS 0x00000000b7d00000, 0x00000000b7e00000| Untracked 
| 894|0x00000000b7e00000, 0x00000000b7f00000, 0x00000000b7f00000|100%| O|  |TAMS 0x00000000b7e00000, 0x00000000b7f00000| Untracked 
| 895|0x00000000b7f00000, 0x00000000b8000000, 0x00000000b8000000|100%| O|  |TAMS 0x00000000b7f00000, 0x00000000b8000000| Untracked 
| 896|0x00000000b8000000, 0x00000000b8100000, 0x00000000b8100000|100%| O|  |TAMS 0x00000000b8000000, 0x00000000b8100000| Untracked 
| 897|0x00000000b8100000, 0x00000000b8200000, 0x00000000b8200000|100%| O|  |TAMS 0x00000000b8100000, 0x00000000b8200000| Untracked 
| 898|0x00000000b8200000, 0x00000000b8300000, 0x00000000b8300000|100%| O|  |TAMS 0x00000000b8200000, 0x00000000b8300000| Untracked 
| 899|0x00000000b8300000, 0x00000000b8400000, 0x00000000b8400000|100%| O|  |TAMS 0x00000000b8300000, 0x00000000b8400000| Untracked 
| 900|0x00000000b8400000, 0x00000000b8500000, 0x00000000b8500000|100%| O|  |TAMS 0x00000000b8400000, 0x00000000b8500000| Untracked 
| 901|0x00000000b8500000, 0x00000000b8600000, 0x00000000b8600000|100%| O|  |TAMS 0x00000000b8500000, 0x00000000b8600000| Untracked 
| 902|0x00000000b8600000, 0x00000000b8700000, 0x00000000b8700000|100%| O|  |TAMS 0x00000000b8600000, 0x00000000b8700000| Untracked 
| 903|0x00000000b8700000, 0x00000000b8800000, 0x00000000b8800000|100%| O|  |TAMS 0x00000000b8700000, 0x00000000b8800000| Untracked 
| 904|0x00000000b8800000, 0x00000000b8900000, 0x00000000b8900000|100%| O|  |TAMS 0x00000000b8800000, 0x00000000b8900000| Untracked 
| 905|0x00000000b8900000, 0x00000000b8a00000, 0x00000000b8a00000|100%| O|  |TAMS 0x00000000b8900000, 0x00000000b8a00000| Untracked 
| 906|0x00000000b8a00000, 0x00000000b8b00000, 0x00000000b8b00000|100%| O|  |TAMS 0x00000000b8a00000, 0x00000000b8b00000| Untracked 
| 907|0x00000000b8b00000, 0x00000000b8c00000, 0x00000000b8c00000|100%| O|  |TAMS 0x00000000b8b00000, 0x00000000b8c00000| Untracked 
| 908|0x00000000b8c00000, 0x00000000b8d00000, 0x00000000b8d00000|100%| O|  |TAMS 0x00000000b8c00000, 0x00000000b8d00000| Untracked 
| 909|0x00000000b8d00000, 0x00000000b8e00000, 0x00000000b8e00000|100%| O|  |TAMS 0x00000000b8d00000, 0x00000000b8e00000| Untracked 
| 910|0x00000000b8e00000, 0x00000000b8f00000, 0x00000000b8f00000|100%| O|  |TAMS 0x00000000b8e00000, 0x00000000b8f00000| Untracked 
| 911|0x00000000b8f00000, 0x00000000b9000000, 0x00000000b9000000|100%| O|  |TAMS 0x00000000b8f00000, 0x00000000b9000000| Untracked 
| 912|0x00000000b9000000, 0x00000000b9100000, 0x00000000b9100000|100%| O|  |TAMS 0x00000000b9000000, 0x00000000b9100000| Untracked 
| 913|0x00000000b9100000, 0x00000000b9200000, 0x00000000b9200000|100%| O|  |TAMS 0x00000000b9100000, 0x00000000b9200000| Untracked 
| 914|0x00000000b9200000, 0x00000000b9300000, 0x00000000b9300000|100%| O|  |TAMS 0x00000000b9200000, 0x00000000b9300000| Untracked 
| 915|0x00000000b9300000, 0x00000000b9400000, 0x00000000b9400000|100%| O|  |TAMS 0x00000000b9300000, 0x00000000b9400000| Untracked 
| 916|0x00000000b9400000, 0x00000000b9500000, 0x00000000b9500000|100%| O|  |TAMS 0x00000000b9400000, 0x00000000b9500000| Untracked 
| 917|0x00000000b9500000, 0x00000000b9600000, 0x00000000b9600000|100%| O|  |TAMS 0x00000000b9500000, 0x00000000b9600000| Untracked 
| 918|0x00000000b9600000, 0x00000000b9700000, 0x00000000b9700000|100%| O|  |TAMS 0x00000000b9600000, 0x00000000b9700000| Untracked 
| 919|0x00000000b9700000, 0x00000000b9800000, 0x00000000b9800000|100%| O|  |TAMS 0x00000000b9700000, 0x00000000b9800000| Untracked 
| 920|0x00000000b9800000, 0x00000000b9900000, 0x00000000b9900000|100%| O|  |TAMS 0x00000000b9800000, 0x00000000b9900000| Untracked 
| 921|0x00000000b9900000, 0x00000000b9a00000, 0x00000000b9a00000|100%| O|  |TAMS 0x00000000b9900000, 0x00000000b9a00000| Untracked 
| 922|0x00000000b9a00000, 0x00000000b9b00000, 0x00000000b9b00000|100%| O|  |TAMS 0x00000000b9a00000, 0x00000000b9b00000| Untracked 
| 923|0x00000000b9b00000, 0x00000000b9c00000, 0x00000000b9c00000|100%| O|  |TAMS 0x00000000b9b00000, 0x00000000b9c00000| Untracked 
| 924|0x00000000b9c00000, 0x00000000b9d00000, 0x00000000b9d00000|100%| O|  |TAMS 0x00000000b9c00000, 0x00000000b9d00000| Untracked 
| 925|0x00000000b9d00000, 0x00000000b9e00000, 0x00000000b9e00000|100%| O|  |TAMS 0x00000000b9d00000, 0x00000000b9e00000| Untracked 
| 926|0x00000000b9e00000, 0x00000000b9f00000, 0x00000000b9f00000|100%| O|  |TAMS 0x00000000b9e00000, 0x00000000b9e4aa00| Untracked 
| 927|0x00000000b9f00000, 0x00000000ba000000, 0x00000000ba000000|100%| E|CS|TAMS 0x00000000b9f00000, 0x00000000ba000000| Complete 
| 928|0x00000000ba000000, 0x00000000ba100000, 0x00000000ba100000|100%| E|CS|TAMS 0x00000000ba000000, 0x00000000ba100000| Complete 
| 929|0x00000000ba100000, 0x00000000ba200000, 0x00000000ba200000|100%| E|CS|TAMS 0x00000000ba100000, 0x00000000ba200000| Complete 
| 930|0x00000000ba200000, 0x00000000ba300000, 0x00000000ba300000|100%| E|CS|TAMS 0x00000000ba200000, 0x00000000ba300000| Complete 
| 931|0x00000000ba300000, 0x00000000ba400000, 0x00000000ba400000|100%| E|CS|TAMS 0x00000000ba300000, 0x00000000ba400000| Complete 
| 932|0x00000000ba400000, 0x00000000ba500000, 0x00000000ba500000|100%| E|CS|TAMS 0x00000000ba400000, 0x00000000ba500000| Complete 
| 933|0x00000000ba500000, 0x00000000ba600000, 0x00000000ba600000|100%| E|CS|TAMS 0x00000000ba500000, 0x00000000ba600000| Complete 
| 934|0x00000000ba600000, 0x00000000ba700000, 0x00000000ba700000|100%| E|CS|TAMS 0x00000000ba600000, 0x00000000ba700000| Complete 
| 935|0x00000000ba700000, 0x00000000ba800000, 0x00000000ba800000|100%| E|CS|TAMS 0x00000000ba700000, 0x00000000ba800000| Complete 
| 936|0x00000000ba800000, 0x00000000ba900000, 0x00000000ba900000|100%| E|CS|TAMS 0x00000000ba800000, 0x00000000ba900000| Complete 
| 937|0x00000000ba900000, 0x00000000baa00000, 0x00000000baa00000|100%| E|CS|TAMS 0x00000000ba900000, 0x00000000baa00000| Complete 
| 938|0x00000000baa00000, 0x00000000bab00000, 0x00000000bab00000|100%| E|CS|TAMS 0x00000000baa00000, 0x00000000bab00000| Complete 
| 939|0x00000000bab00000, 0x00000000bac00000, 0x00000000bac00000|100%| E|CS|TAMS 0x00000000bab00000, 0x00000000bac00000| Complete 
| 940|0x00000000bac00000, 0x00000000bad00000, 0x00000000bad00000|100%| E|CS|TAMS 0x00000000bac00000, 0x00000000bad00000| Complete 
| 941|0x00000000bad00000, 0x00000000bae00000, 0x00000000bae00000|100%| E|CS|TAMS 0x00000000bad00000, 0x00000000bae00000| Complete 
| 942|0x00000000bae00000, 0x00000000baf00000, 0x00000000baf00000|100%| E|CS|TAMS 0x00000000bae00000, 0x00000000baf00000| Complete 
| 943|0x00000000baf00000, 0x00000000bb000000, 0x00000000bb000000|100%| E|CS|TAMS 0x00000000baf00000, 0x00000000bb000000| Complete 
| 944|0x00000000bb000000, 0x00000000bb100000, 0x00000000bb100000|100%| E|CS|TAMS 0x00000000bb000000, 0x00000000bb100000| Complete 
| 945|0x00000000bb100000, 0x00000000bb200000, 0x00000000bb200000|100%| E|CS|TAMS 0x00000000bb100000, 0x00000000bb200000| Complete 
| 946|0x00000000bb200000, 0x00000000bb300000, 0x00000000bb300000|100%| E|CS|TAMS 0x00000000bb200000, 0x00000000bb300000| Complete 
| 947|0x00000000bb300000, 0x00000000bb400000, 0x00000000bb400000|100%| E|CS|TAMS 0x00000000bb300000, 0x00000000bb400000| Complete 
| 948|0x00000000bb400000, 0x00000000bb500000, 0x00000000bb500000|100%| E|CS|TAMS 0x00000000bb400000, 0x00000000bb500000| Complete 
| 949|0x00000000bb500000, 0x00000000bb600000, 0x00000000bb600000|100%| E|CS|TAMS 0x00000000bb500000, 0x00000000bb600000| Complete 
| 950|0x00000000bb600000, 0x00000000bb700000, 0x00000000bb700000|100%| E|CS|TAMS 0x00000000bb600000, 0x00000000bb700000| Complete 
| 951|0x00000000bb700000, 0x00000000bb800000, 0x00000000bb800000|100%| E|CS|TAMS 0x00000000bb700000, 0x00000000bb800000| Complete 
| 952|0x00000000bb800000, 0x00000000bb900000, 0x00000000bb900000|100%| E|CS|TAMS 0x00000000bb800000, 0x00000000bb900000| Complete 
| 953|0x00000000bb900000, 0x00000000bba00000, 0x00000000bba00000|100%| E|CS|TAMS 0x00000000bb900000, 0x00000000bba00000| Complete 
| 954|0x00000000bba00000, 0x00000000bbb00000, 0x00000000bbb00000|100%| E|CS|TAMS 0x00000000bba00000, 0x00000000bbb00000| Complete 
| 955|0x00000000bbb00000, 0x00000000bbc00000, 0x00000000bbc00000|100%| E|CS|TAMS 0x00000000bbb00000, 0x00000000bbc00000| Complete 
| 956|0x00000000bbc00000, 0x00000000bbd00000, 0x00000000bbd00000|100%| E|CS|TAMS 0x00000000bbc00000, 0x00000000bbd00000| Complete 
| 957|0x00000000bbd00000, 0x00000000bbe00000, 0x00000000bbe00000|100%| E|CS|TAMS 0x00000000bbd00000, 0x00000000bbe00000| Complete 
| 958|0x00000000bbe00000, 0x00000000bbf00000, 0x00000000bbf00000|100%| E|CS|TAMS 0x00000000bbe00000, 0x00000000bbf00000| Complete 
| 959|0x00000000bbf00000, 0x00000000bc000000, 0x00000000bc000000|100%| E|CS|TAMS 0x00000000bbf00000, 0x00000000bc000000| Complete 
| 960|0x00000000bc000000, 0x00000000bc100000, 0x00000000bc100000|100%| E|CS|TAMS 0x00000000bc000000, 0x00000000bc100000| Complete 
| 961|0x00000000bc100000, 0x00000000bc200000, 0x00000000bc200000|100%| E|CS|TAMS 0x00000000bc100000, 0x00000000bc200000| Complete 
| 962|0x00000000bc200000, 0x00000000bc300000, 0x00000000bc300000|100%| E|CS|TAMS 0x00000000bc200000, 0x00000000bc300000| Complete 
| 963|0x00000000bc300000, 0x00000000bc400000, 0x00000000bc400000|100%| E|CS|TAMS 0x00000000bc300000, 0x00000000bc400000| Complete 
| 964|0x00000000bc400000, 0x00000000bc500000, 0x00000000bc500000|100%| E|CS|TAMS 0x00000000bc400000, 0x00000000bc500000| Complete 
| 965|0x00000000bc500000, 0x00000000bc600000, 0x00000000bc600000|100%| E|CS|TAMS 0x00000000bc500000, 0x00000000bc600000| Complete 
| 966|0x00000000bc600000, 0x00000000bc700000, 0x00000000bc700000|100%| E|CS|TAMS 0x00000000bc600000, 0x00000000bc700000| Complete 
| 967|0x00000000bc700000, 0x00000000bc800000, 0x00000000bc800000|100%| E|CS|TAMS 0x00000000bc700000, 0x00000000bc800000| Complete 
| 968|0x00000000bc800000, 0x00000000bc900000, 0x00000000bc900000|100%| E|CS|TAMS 0x00000000bc800000, 0x00000000bc900000| Complete 
| 969|0x00000000bc900000, 0x00000000bca00000, 0x00000000bca00000|100%| E|CS|TAMS 0x00000000bc900000, 0x00000000bca00000| Complete 
| 970|0x00000000bca00000, 0x00000000bcb00000, 0x00000000bcb00000|100%| E|CS|TAMS 0x00000000bca00000, 0x00000000bcb00000| Complete 
| 971|0x00000000bcb00000, 0x00000000bcc00000, 0x00000000bcc00000|100%| E|CS|TAMS 0x00000000bcb00000, 0x00000000bcc00000| Complete 
| 972|0x00000000bcc00000, 0x00000000bcd00000, 0x00000000bcd00000|100%| E|CS|TAMS 0x00000000bcc00000, 0x00000000bcd00000| Complete 
| 973|0x00000000bcd00000, 0x00000000bce00000, 0x00000000bce00000|100%| E|CS|TAMS 0x00000000bcd00000, 0x00000000bce00000| Complete 
| 974|0x00000000bce00000, 0x00000000bcf00000, 0x00000000bcf00000|100%| E|CS|TAMS 0x00000000bce00000, 0x00000000bcf00000| Complete 
| 975|0x00000000bcf00000, 0x00000000bd000000, 0x00000000bd000000|100%| E|CS|TAMS 0x00000000bcf00000, 0x00000000bd000000| Complete 
| 976|0x00000000bd000000, 0x00000000bd100000, 0x00000000bd100000|100%| E|CS|TAMS 0x00000000bd000000, 0x00000000bd100000| Complete 
| 977|0x00000000bd100000, 0x00000000bd200000, 0x00000000bd200000|100%| E|CS|TAMS 0x00000000bd100000, 0x00000000bd200000| Complete 
| 978|0x00000000bd200000, 0x00000000bd300000, 0x00000000bd300000|100%| E|CS|TAMS 0x00000000bd200000, 0x00000000bd300000| Complete 
| 979|0x00000000bd300000, 0x00000000bd400000, 0x00000000bd400000|100%| E|CS|TAMS 0x00000000bd300000, 0x00000000bd400000| Complete 
| 980|0x00000000bd400000, 0x00000000bd500000, 0x00000000bd500000|100%| E|CS|TAMS 0x00000000bd400000, 0x00000000bd500000| Complete 
| 981|0x00000000bd500000, 0x00000000bd600000, 0x00000000bd600000|100%| E|CS|TAMS 0x00000000bd500000, 0x00000000bd600000| Complete 
| 982|0x00000000bd600000, 0x00000000bd700000, 0x00000000bd700000|100%| E|CS|TAMS 0x00000000bd600000, 0x00000000bd700000| Complete 
| 983|0x00000000bd700000, 0x00000000bd800000, 0x00000000bd800000|100%| E|CS|TAMS 0x00000000bd700000, 0x00000000bd800000| Complete 
| 984|0x00000000bd800000, 0x00000000bd900000, 0x00000000bd900000|100%| E|CS|TAMS 0x00000000bd800000, 0x00000000bd900000| Complete 
| 985|0x00000000bd900000, 0x00000000bda00000, 0x00000000bda00000|100%| E|CS|TAMS 0x00000000bd900000, 0x00000000bda00000| Complete 
| 986|0x00000000bda00000, 0x00000000bdb00000, 0x00000000bdb00000|100%| E|CS|TAMS 0x00000000bda00000, 0x00000000bdb00000| Complete 
| 987|0x00000000bdb00000, 0x00000000bdc00000, 0x00000000bdc00000|100%| O|  |TAMS 0x00000000bdb00000, 0x00000000bdb00000| Untracked 
| 988|0x00000000bdc00000, 0x00000000bdd00000, 0x00000000bdd00000|100%| O|  |TAMS 0x00000000bdc00000, 0x00000000bdc00000| Untracked 
| 989|0x00000000bdd00000, 0x00000000bde00000, 0x00000000bde00000|100%| O|  |TAMS 0x00000000bdd00000, 0x00000000bdd00000| Untracked 
| 990|0x00000000bde00000, 0x00000000bdf00000, 0x00000000bdf00000|100%| O|  |TAMS 0x00000000bde00000, 0x00000000bde00000| Untracked 
| 991|0x00000000bdf00000, 0x00000000be000000, 0x00000000be000000|100%| O|  |TAMS 0x00000000bdf00000, 0x00000000bdf00000| Untracked 
| 992|0x00000000be000000, 0x00000000be100000, 0x00000000be100000|100%| O|  |TAMS 0x00000000be000000, 0x00000000be000000| Untracked 
| 993|0x00000000be100000, 0x00000000be200000, 0x00000000be200000|100%| O|  |TAMS 0x00000000be100000, 0x00000000be100000| Untracked 
| 994|0x00000000be200000, 0x00000000be300000, 0x00000000be300000|100%| O|  |TAMS 0x00000000be200000, 0x00000000be200000| Untracked 
| 995|0x00000000be300000, 0x00000000be400000, 0x00000000be400000|100%| O|  |TAMS 0x00000000be300000, 0x00000000be300000| Untracked 
| 996|0x00000000be400000, 0x00000000be500000, 0x00000000be500000|100%| O|  |TAMS 0x00000000be400000, 0x00000000be400000| Untracked 
| 997|0x00000000be500000, 0x00000000be600000, 0x00000000be600000|100%| O|  |TAMS 0x00000000be500000, 0x00000000be500000| Untracked 
| 998|0x00000000be600000, 0x00000000be700000, 0x00000000be700000|100%| O|  |TAMS 0x00000000be600000, 0x00000000be600000| Untracked 
| 999|0x00000000be700000, 0x00000000be800000, 0x00000000be800000|100%| O|  |TAMS 0x00000000be700000, 0x00000000be700000| Untracked 
|1000|0x00000000be800000, 0x00000000be900000, 0x00000000be900000|100%| O|  |TAMS 0x00000000be800000, 0x00000000be800000| Untracked 
|1001|0x00000000be900000, 0x00000000bea00000, 0x00000000bea00000|100%| O|  |TAMS 0x00000000be900000, 0x00000000be900000| Untracked 
|1002|0x00000000bea00000, 0x00000000beb00000, 0x00000000beb00000|100%| O|  |TAMS 0x00000000bea00000, 0x00000000bea00000| Untracked 
|1003|0x00000000beb00000, 0x00000000bec00000, 0x00000000bec00000|100%| O|  |TAMS 0x00000000beb00000, 0x00000000beb00000| Untracked 
|1004|0x00000000bec00000, 0x00000000bed00000, 0x00000000bed00000|100%| O|  |TAMS 0x00000000bec00000, 0x00000000bec00000| Untracked 
|1005|0x00000000bed00000, 0x00000000bee00000, 0x00000000bee00000|100%| O|  |TAMS 0x00000000bed00000, 0x00000000bed00000| Untracked 
|1006|0x00000000bee00000, 0x00000000bef00000, 0x00000000bef00000|100%| O|  |TAMS 0x00000000bee00000, 0x00000000bee00000| Untracked 
|1007|0x00000000bef00000, 0x00000000bf000000, 0x00000000bf000000|100%| O|  |TAMS 0x00000000bef00000, 0x00000000bef00000| Untracked 
|1008|0x00000000bf000000, 0x00000000bf100000, 0x00000000bf100000|100%| O|  |TAMS 0x00000000bf000000, 0x00000000bf000000| Untracked 
|1009|0x00000000bf100000, 0x00000000bf139500, 0x00000000bf200000| 22%| O|  |TAMS 0x00000000bf100000, 0x00000000bf100000| Untracked 
|1010|0x00000000bf200000, 0x00000000bf200000, 0x00000000bf300000|  0%| F|  |TAMS 0x00000000bf200000, 0x00000000bf200000| Untracked 
|1011|0x00000000bf300000, 0x00000000bf300000, 0x00000000bf400000|  0%| F|  |TAMS 0x00000000bf300000, 0x00000000bf300000| Untracked 
|1012|0x00000000bf400000, 0x00000000bf400000, 0x00000000bf500000|  0%| F|  |TAMS 0x00000000bf400000, 0x00000000bf400000| Untracked 
|1013|0x00000000bf500000, 0x00000000bf500000, 0x00000000bf600000|  0%| F|  |TAMS 0x00000000bf500000, 0x00000000bf500000| Untracked 
|1014|0x00000000bf600000, 0x00000000bf600000, 0x00000000bf700000|  0%| F|  |TAMS 0x00000000bf600000, 0x00000000bf600000| Untracked 
|1015|0x00000000bf700000, 0x00000000bf700000, 0x00000000bf800000|  0%| F|  |TAMS 0x00000000bf700000, 0x00000000bf700000| Untracked 
|1016|0x00000000bf800000, 0x00000000bf800000, 0x00000000bf900000|  0%| F|  |TAMS 0x00000000bf800000, 0x00000000bf800000| Untracked 
|1017|0x00000000bf900000, 0x00000000bf900000, 0x00000000bfa00000|  0%| F|  |TAMS 0x00000000bf900000, 0x00000000bf900000| Untracked 
|1018|0x00000000bfa00000, 0x00000000bfa00000, 0x00000000bfb00000|  0%| F|  |TAMS 0x00000000bfa00000, 0x00000000bfa00000| Untracked 
|1019|0x00000000bfb00000, 0x00000000bfb00000, 0x00000000bfc00000|  0%| F|  |TAMS 0x00000000bfb00000, 0x00000000bfb00000| Untracked 
|1020|0x00000000bfc00000, 0x00000000bfc00000, 0x00000000bfd00000|  0%| F|  |TAMS 0x00000000bfc00000, 0x00000000bfc00000| Untracked 
|1021|0x00000000bfd00000, 0x00000000bfd00000, 0x00000000bfe00000|  0%| F|  |TAMS 0x00000000bfd00000, 0x00000000bfd00000| Untracked 
|1022|0x00000000bfe00000, 0x00000000bfe00000, 0x00000000bff00000|  0%| F|  |TAMS 0x00000000bfe00000, 0x00000000bfe00000| Untracked 
|1023|0x00000000bff00000, 0x00000000bff00000, 0x00000000c0000000|  0%| F|  |TAMS 0x00000000bff00000, 0x00000000bff00000| Untracked 
|1024|0x00000000c0000000, 0x00000000c0000000, 0x00000000c0100000|  0%| F|  |TAMS 0x00000000c0000000, 0x00000000c0000000| Untracked 
|1025|0x00000000c0100000, 0x00000000c0100000, 0x00000000c0200000|  0%| F|  |TAMS 0x00000000c0100000, 0x00000000c0100000| Untracked 
|1026|0x00000000c0200000, 0x00000000c0200000, 0x00000000c0300000|  0%| F|  |TAMS 0x00000000c0200000, 0x00000000c0200000| Untracked 
|1027|0x00000000c0300000, 0x00000000c0300000, 0x00000000c0400000|  0%| F|  |TAMS 0x00000000c0300000, 0x00000000c0300000| Untracked 
|1028|0x00000000c0400000, 0x00000000c0400000, 0x00000000c0500000|  0%| F|  |TAMS 0x00000000c0400000, 0x00000000c0400000| Untracked 
|1029|0x00000000c0500000, 0x00000000c0500000, 0x00000000c0600000|  0%| F|  |TAMS 0x00000000c0500000, 0x00000000c0500000| Untracked 
|1030|0x00000000c0600000, 0x00000000c0600000, 0x00000000c0700000|  0%| F|  |TAMS 0x00000000c0600000, 0x00000000c0600000| Untracked 
|1031|0x00000000c0700000, 0x00000000c0700000, 0x00000000c0800000|  0%| F|  |TAMS 0x00000000c0700000, 0x00000000c0700000| Untracked 
|1032|0x00000000c0800000, 0x00000000c0800000, 0x00000000c0900000|  0%| F|  |TAMS 0x00000000c0800000, 0x00000000c0800000| Untracked 
|1033|0x00000000c0900000, 0x00000000c0900000, 0x00000000c0a00000|  0%| F|  |TAMS 0x00000000c0900000, 0x00000000c0900000| Untracked 
|1034|0x00000000c0a00000, 0x00000000c0a00000, 0x00000000c0b00000|  0%| F|  |TAMS 0x00000000c0a00000, 0x00000000c0a00000| Untracked 
|1035|0x00000000c0b00000, 0x00000000c0b00000, 0x00000000c0c00000|  0%| F|  |TAMS 0x00000000c0b00000, 0x00000000c0b00000| Untracked 
|1036|0x00000000c0c00000, 0x00000000c0c00000, 0x00000000c0d00000|  0%| F|  |TAMS 0x00000000c0c00000, 0x00000000c0c00000| Untracked 
|1037|0x00000000c0d00000, 0x00000000c0d00000, 0x00000000c0e00000|  0%| F|  |TAMS 0x00000000c0d00000, 0x00000000c0d00000| Untracked 
|1038|0x00000000c0e00000, 0x00000000c0e00000, 0x00000000c0f00000|  0%| F|  |TAMS 0x00000000c0e00000, 0x00000000c0e00000| Untracked 
|1039|0x00000000c0f00000, 0x00000000c0f00000, 0x00000000c1000000|  0%| F|  |TAMS 0x00000000c0f00000, 0x00000000c0f00000| Untracked 
|1040|0x00000000c1000000, 0x00000000c1000000, 0x00000000c1100000|  0%| F|  |TAMS 0x00000000c1000000, 0x00000000c1000000| Untracked 
|1041|0x00000000c1100000, 0x00000000c1100000, 0x00000000c1200000|  0%| F|  |TAMS 0x00000000c1100000, 0x00000000c1100000| Untracked 
|1042|0x00000000c1200000, 0x00000000c1200000, 0x00000000c1300000|  0%| F|  |TAMS 0x00000000c1200000, 0x00000000c1200000| Untracked 
|1043|0x00000000c1300000, 0x00000000c1300000, 0x00000000c1400000|  0%| F|  |TAMS 0x00000000c1300000, 0x00000000c1300000| Untracked 
|1044|0x00000000c1400000, 0x00000000c1400000, 0x00000000c1500000|  0%| F|  |TAMS 0x00000000c1400000, 0x00000000c1400000| Untracked 
|1045|0x00000000c1500000, 0x00000000c1500000, 0x00000000c1600000|  0%| F|  |TAMS 0x00000000c1500000, 0x00000000c1500000| Untracked 
|1046|0x00000000c1600000, 0x00000000c1600000, 0x00000000c1700000|  0%| F|  |TAMS 0x00000000c1600000, 0x00000000c1600000| Untracked 
|1047|0x00000000c1700000, 0x00000000c1700000, 0x00000000c1800000|  0%| F|  |TAMS 0x00000000c1700000, 0x00000000c1700000| Untracked 
|1048|0x00000000c1800000, 0x00000000c1800000, 0x00000000c1900000|  0%| F|  |TAMS 0x00000000c1800000, 0x00000000c1800000| Untracked 
|1049|0x00000000c1900000, 0x00000000c1900000, 0x00000000c1a00000|  0%| F|  |TAMS 0x00000000c1900000, 0x00000000c1900000| Untracked 
|1050|0x00000000c1a00000, 0x00000000c1a00000, 0x00000000c1b00000|  0%| F|  |TAMS 0x00000000c1a00000, 0x00000000c1a00000| Untracked 
|1051|0x00000000c1b00000, 0x00000000c1b00000, 0x00000000c1c00000|  0%| F|  |TAMS 0x00000000c1b00000, 0x00000000c1b00000| Untracked 
|1052|0x00000000c1c00000, 0x00000000c1c00000, 0x00000000c1d00000|  0%| F|  |TAMS 0x00000000c1c00000, 0x00000000c1c00000| Untracked 
|1053|0x00000000c1d00000, 0x00000000c1d00000, 0x00000000c1e00000|  0%| F|  |TAMS 0x00000000c1d00000, 0x00000000c1d00000| Untracked 
|1054|0x00000000c1e00000, 0x00000000c1e00000, 0x00000000c1f00000|  0%| F|  |TAMS 0x00000000c1e00000, 0x00000000c1e00000| Untracked 
|1055|0x00000000c1f00000, 0x00000000c1f00000, 0x00000000c2000000|  0%| F|  |TAMS 0x00000000c1f00000, 0x00000000c1f00000| Untracked 
|1056|0x00000000c2000000, 0x00000000c2000000, 0x00000000c2100000|  0%| F|  |TAMS 0x00000000c2000000, 0x00000000c2000000| Untracked 
|1057|0x00000000c2100000, 0x00000000c2100000, 0x00000000c2200000|  0%| F|  |TAMS 0x00000000c2100000, 0x00000000c2100000| Untracked 
|1058|0x00000000c2200000, 0x00000000c2200000, 0x00000000c2300000|  0%| F|  |TAMS 0x00000000c2200000, 0x00000000c2200000| Untracked 
|1059|0x00000000c2300000, 0x00000000c2300000, 0x00000000c2400000|  0%| F|  |TAMS 0x00000000c2300000, 0x00000000c2300000| Untracked 
|1060|0x00000000c2400000, 0x00000000c2400000, 0x00000000c2500000|  0%| F|  |TAMS 0x00000000c2400000, 0x00000000c2400000| Untracked 
|1061|0x00000000c2500000, 0x00000000c2500000, 0x00000000c2600000|  0%| F|  |TAMS 0x00000000c2500000, 0x00000000c2500000| Untracked 
|1062|0x00000000c2600000, 0x00000000c2600000, 0x00000000c2700000|  0%| F|  |TAMS 0x00000000c2600000, 0x00000000c2600000| Untracked 
|1063|0x00000000c2700000, 0x00000000c2700000, 0x00000000c2800000|  0%| F|  |TAMS 0x00000000c2700000, 0x00000000c2700000| Untracked 
|1064|0x00000000c2800000, 0x00000000c2800000, 0x00000000c2900000|  0%| F|  |TAMS 0x00000000c2800000, 0x00000000c2800000| Untracked 
|1065|0x00000000c2900000, 0x00000000c2900000, 0x00000000c2a00000|  0%| F|  |TAMS 0x00000000c2900000, 0x00000000c2900000| Untracked 
|1066|0x00000000c2a00000, 0x00000000c2a00000, 0x00000000c2b00000|  0%| F|  |TAMS 0x00000000c2a00000, 0x00000000c2a00000| Untracked 
|1067|0x00000000c2b00000, 0x00000000c2b00000, 0x00000000c2c00000|  0%| F|  |TAMS 0x00000000c2b00000, 0x00000000c2b00000| Untracked 
|1068|0x00000000c2c00000, 0x00000000c2c00000, 0x00000000c2d00000|  0%| F|  |TAMS 0x00000000c2c00000, 0x00000000c2c00000| Untracked 
|1069|0x00000000c2d00000, 0x00000000c2d00000, 0x00000000c2e00000|  0%| F|  |TAMS 0x00000000c2d00000, 0x00000000c2d00000| Untracked 
|1070|0x00000000c2e00000, 0x00000000c2e00000, 0x00000000c2f00000|  0%| F|  |TAMS 0x00000000c2e00000, 0x00000000c2e00000| Untracked 
|1071|0x00000000c2f00000, 0x00000000c2f00000, 0x00000000c3000000|  0%| F|  |TAMS 0x00000000c2f00000, 0x00000000c2f00000| Untracked 
|1072|0x00000000c3000000, 0x00000000c3000000, 0x00000000c3100000|  0%| F|  |TAMS 0x00000000c3000000, 0x00000000c3000000| Untracked 
|1073|0x00000000c3100000, 0x00000000c3100000, 0x00000000c3200000|  0%| F|  |TAMS 0x00000000c3100000, 0x00000000c3100000| Untracked 
|1074|0x00000000c3200000, 0x00000000c3200000, 0x00000000c3300000|  0%| F|  |TAMS 0x00000000c3200000, 0x00000000c3200000| Untracked 
|1075|0x00000000c3300000, 0x00000000c3300000, 0x00000000c3400000|  0%| F|  |TAMS 0x00000000c3300000, 0x00000000c3300000| Untracked 
|1076|0x00000000c3400000, 0x00000000c3400000, 0x00000000c3500000|  0%| F|  |TAMS 0x00000000c3400000, 0x00000000c3400000| Untracked 
|1077|0x00000000c3500000, 0x00000000c3500000, 0x00000000c3600000|  0%| F|  |TAMS 0x00000000c3500000, 0x00000000c3500000| Untracked 
|1078|0x00000000c3600000, 0x00000000c3600000, 0x00000000c3700000|  0%| F|  |TAMS 0x00000000c3600000, 0x00000000c3600000| Untracked 
|1079|0x00000000c3700000, 0x00000000c3700000, 0x00000000c3800000|  0%| F|  |TAMS 0x00000000c3700000, 0x00000000c3700000| Untracked 
|1080|0x00000000c3800000, 0x00000000c3800000, 0x00000000c3900000|  0%| F|  |TAMS 0x00000000c3800000, 0x00000000c3800000| Untracked 
|1081|0x00000000c3900000, 0x00000000c3900000, 0x00000000c3a00000|  0%| F|  |TAMS 0x00000000c3900000, 0x00000000c3900000| Untracked 
|1082|0x00000000c3a00000, 0x00000000c3a00000, 0x00000000c3b00000|  0%| F|  |TAMS 0x00000000c3a00000, 0x00000000c3a00000| Untracked 
|1083|0x00000000c3b00000, 0x00000000c3b00000, 0x00000000c3c00000|  0%| F|  |TAMS 0x00000000c3b00000, 0x00000000c3b00000| Untracked 
|1084|0x00000000c3c00000, 0x00000000c3c00000, 0x00000000c3d00000|  0%| F|  |TAMS 0x00000000c3c00000, 0x00000000c3c00000| Untracked 
|1085|0x00000000c3d00000, 0x00000000c3d00000, 0x00000000c3e00000|  0%| F|  |TAMS 0x00000000c3d00000, 0x00000000c3d00000| Untracked 
|1086|0x00000000c3e00000, 0x00000000c3e00000, 0x00000000c3f00000|  0%| F|  |TAMS 0x00000000c3e00000, 0x00000000c3e00000| Untracked 
|1087|0x00000000c3f00000, 0x00000000c3f00000, 0x00000000c4000000|  0%| F|  |TAMS 0x00000000c3f00000, 0x00000000c3f00000| Untracked 
|1088|0x00000000c4000000, 0x00000000c4000000, 0x00000000c4100000|  0%| F|  |TAMS 0x00000000c4000000, 0x00000000c4000000| Untracked 
|1089|0x00000000c4100000, 0x00000000c4100000, 0x00000000c4200000|  0%| F|  |TAMS 0x00000000c4100000, 0x00000000c4100000| Untracked 
|1090|0x00000000c4200000, 0x00000000c4200000, 0x00000000c4300000|  0%| F|  |TAMS 0x00000000c4200000, 0x00000000c4200000| Untracked 
|1091|0x00000000c4300000, 0x00000000c4300000, 0x00000000c4400000|  0%| F|  |TAMS 0x00000000c4300000, 0x00000000c4300000| Untracked 
|1092|0x00000000c4400000, 0x00000000c4400000, 0x00000000c4500000|  0%| F|  |TAMS 0x00000000c4400000, 0x00000000c4400000| Untracked 
|1093|0x00000000c4500000, 0x00000000c4500000, 0x00000000c4600000|  0%| F|  |TAMS 0x00000000c4500000, 0x00000000c4500000| Untracked 
|1094|0x00000000c4600000, 0x00000000c4600000, 0x00000000c4700000|  0%| F|  |TAMS 0x00000000c4600000, 0x00000000c4600000| Untracked 
|1095|0x00000000c4700000, 0x00000000c4700000, 0x00000000c4800000|  0%| F|  |TAMS 0x00000000c4700000, 0x00000000c4700000| Untracked 
|1096|0x00000000c4800000, 0x00000000c4800000, 0x00000000c4900000|  0%| F|  |TAMS 0x00000000c4800000, 0x00000000c4800000| Untracked 
|1097|0x00000000c4900000, 0x00000000c4900000, 0x00000000c4a00000|  0%| F|  |TAMS 0x00000000c4900000, 0x00000000c4900000| Untracked 
|1098|0x00000000c4a00000, 0x00000000c4a00000, 0x00000000c4b00000|  0%| F|  |TAMS 0x00000000c4a00000, 0x00000000c4a00000| Untracked 
|1099|0x00000000c4b00000, 0x00000000c4b00000, 0x00000000c4c00000|  0%| F|  |TAMS 0x00000000c4b00000, 0x00000000c4b00000| Untracked 
|1100|0x00000000c4c00000, 0x00000000c4c00000, 0x00000000c4d00000|  0%| F|  |TAMS 0x00000000c4c00000, 0x00000000c4c00000| Untracked 
|1101|0x00000000c4d00000, 0x00000000c4d00000, 0x00000000c4e00000|  0%| F|  |TAMS 0x00000000c4d00000, 0x00000000c4d00000| Untracked 
|1102|0x00000000c4e00000, 0x00000000c4e00000, 0x00000000c4f00000|  0%| F|  |TAMS 0x00000000c4e00000, 0x00000000c4e00000| Untracked 
|1103|0x00000000c4f00000, 0x00000000c4f00000, 0x00000000c5000000|  0%| F|  |TAMS 0x00000000c4f00000, 0x00000000c4f00000| Untracked 
|1104|0x00000000c5000000, 0x00000000c5000000, 0x00000000c5100000|  0%| F|  |TAMS 0x00000000c5000000, 0x00000000c5000000| Untracked 
|1105|0x00000000c5100000, 0x00000000c5100000, 0x00000000c5200000|  0%| F|  |TAMS 0x00000000c5100000, 0x00000000c5100000| Untracked 
|1106|0x00000000c5200000, 0x00000000c5200000, 0x00000000c5300000|  0%| F|  |TAMS 0x00000000c5200000, 0x00000000c5200000| Untracked 
|1107|0x00000000c5300000, 0x00000000c5300000, 0x00000000c5400000|  0%| F|  |TAMS 0x00000000c5300000, 0x00000000c5300000| Untracked 
|1108|0x00000000c5400000, 0x00000000c5400000, 0x00000000c5500000|  0%| F|  |TAMS 0x00000000c5400000, 0x00000000c5400000| Untracked 
|1109|0x00000000c5500000, 0x00000000c5500000, 0x00000000c5600000|  0%| F|  |TAMS 0x00000000c5500000, 0x00000000c5500000| Untracked 
|1110|0x00000000c5600000, 0x00000000c5600000, 0x00000000c5700000|  0%| F|  |TAMS 0x00000000c5600000, 0x00000000c5600000| Untracked 
|1111|0x00000000c5700000, 0x00000000c5700000, 0x00000000c5800000|  0%| F|  |TAMS 0x00000000c5700000, 0x00000000c5700000| Untracked 
|1112|0x00000000c5800000, 0x00000000c5800000, 0x00000000c5900000|  0%| F|  |TAMS 0x00000000c5800000, 0x00000000c5800000| Untracked 
|1113|0x00000000c5900000, 0x00000000c5900000, 0x00000000c5a00000|  0%| F|  |TAMS 0x00000000c5900000, 0x00000000c5900000| Untracked 
|1114|0x00000000c5a00000, 0x00000000c5a00000, 0x00000000c5b00000|  0%| F|  |TAMS 0x00000000c5a00000, 0x00000000c5a00000| Untracked 
|1115|0x00000000c5b00000, 0x00000000c5b00000, 0x00000000c5c00000|  0%| F|  |TAMS 0x00000000c5b00000, 0x00000000c5b00000| Untracked 
|1116|0x00000000c5c00000, 0x00000000c5c00000, 0x00000000c5d00000|  0%| F|  |TAMS 0x00000000c5c00000, 0x00000000c5c00000| Untracked 
|1117|0x00000000c5d00000, 0x00000000c5d00000, 0x00000000c5e00000|  0%| F|  |TAMS 0x00000000c5d00000, 0x00000000c5d00000| Untracked 
|1118|0x00000000c5e00000, 0x00000000c5e00000, 0x00000000c5f00000|  0%| F|  |TAMS 0x00000000c5e00000, 0x00000000c5e00000| Untracked 
|1119|0x00000000c5f00000, 0x00000000c5f00000, 0x00000000c6000000|  0%| F|  |TAMS 0x00000000c5f00000, 0x00000000c5f00000| Untracked 
|1120|0x00000000c6000000, 0x00000000c6000000, 0x00000000c6100000|  0%| F|  |TAMS 0x00000000c6000000, 0x00000000c6000000| Untracked 
|1121|0x00000000c6100000, 0x00000000c6100000, 0x00000000c6200000|  0%| F|  |TAMS 0x00000000c6100000, 0x00000000c6100000| Untracked 
|1122|0x00000000c6200000, 0x00000000c6200000, 0x00000000c6300000|  0%| F|  |TAMS 0x00000000c6200000, 0x00000000c6200000| Untracked 
|1123|0x00000000c6300000, 0x00000000c6300000, 0x00000000c6400000|  0%| F|  |TAMS 0x00000000c6300000, 0x00000000c6300000| Untracked 
|1124|0x00000000c6400000, 0x00000000c6400000, 0x00000000c6500000|  0%| F|  |TAMS 0x00000000c6400000, 0x00000000c6400000| Untracked 
|1125|0x00000000c6500000, 0x00000000c6500000, 0x00000000c6600000|  0%| F|  |TAMS 0x00000000c6500000, 0x00000000c6500000| Untracked 
|1126|0x00000000c6600000, 0x00000000c6600000, 0x00000000c6700000|  0%| F|  |TAMS 0x00000000c6600000, 0x00000000c6600000| Untracked 
|1127|0x00000000c6700000, 0x00000000c6700000, 0x00000000c6800000|  0%| F|  |TAMS 0x00000000c6700000, 0x00000000c6700000| Untracked 
|1128|0x00000000c6800000, 0x00000000c6800000, 0x00000000c6900000|  0%| F|  |TAMS 0x00000000c6800000, 0x00000000c6800000| Untracked 
|1129|0x00000000c6900000, 0x00000000c6900000, 0x00000000c6a00000|  0%| F|  |TAMS 0x00000000c6900000, 0x00000000c6900000| Untracked 
|1130|0x00000000c6a00000, 0x00000000c6a00000, 0x00000000c6b00000|  0%| F|  |TAMS 0x00000000c6a00000, 0x00000000c6a00000| Untracked 
|1131|0x00000000c6b00000, 0x00000000c6b00000, 0x00000000c6c00000|  0%| F|  |TAMS 0x00000000c6b00000, 0x00000000c6b00000| Untracked 
|1132|0x00000000c6c00000, 0x00000000c6c00000, 0x00000000c6d00000|  0%| F|  |TAMS 0x00000000c6c00000, 0x00000000c6c00000| Untracked 
|1133|0x00000000c6d00000, 0x00000000c6d00000, 0x00000000c6e00000|  0%| F|  |TAMS 0x00000000c6d00000, 0x00000000c6d00000| Untracked 
|1134|0x00000000c6e00000, 0x00000000c6e00000, 0x00000000c6f00000|  0%| F|  |TAMS 0x00000000c6e00000, 0x00000000c6e00000| Untracked 
|1135|0x00000000c6f00000, 0x00000000c6f00000, 0x00000000c7000000|  0%| F|  |TAMS 0x00000000c6f00000, 0x00000000c6f00000| Untracked 
|1136|0x00000000c7000000, 0x00000000c7000000, 0x00000000c7100000|  0%| F|  |TAMS 0x00000000c7000000, 0x00000000c7000000| Untracked 
|1137|0x00000000c7100000, 0x00000000c7100000, 0x00000000c7200000|  0%| F|  |TAMS 0x00000000c7100000, 0x00000000c7100000| Untracked 
|1138|0x00000000c7200000, 0x00000000c7200000, 0x00000000c7300000|  0%| F|  |TAMS 0x00000000c7200000, 0x00000000c7200000| Untracked 
|1139|0x00000000c7300000, 0x00000000c7300000, 0x00000000c7400000|  0%| F|  |TAMS 0x00000000c7300000, 0x00000000c7300000| Untracked 
|1140|0x00000000c7400000, 0x00000000c7400000, 0x00000000c7500000|  0%| F|  |TAMS 0x00000000c7400000, 0x00000000c7400000| Untracked 
|1141|0x00000000c7500000, 0x00000000c7500000, 0x00000000c7600000|  0%| F|  |TAMS 0x00000000c7500000, 0x00000000c7500000| Untracked 
|1142|0x00000000c7600000, 0x00000000c7600000, 0x00000000c7700000|  0%| F|  |TAMS 0x00000000c7600000, 0x00000000c7600000| Untracked 
|1143|0x00000000c7700000, 0x00000000c7700000, 0x00000000c7800000|  0%| F|  |TAMS 0x00000000c7700000, 0x00000000c7700000| Untracked 
|1144|0x00000000c7800000, 0x00000000c7800000, 0x00000000c7900000|  0%| F|  |TAMS 0x00000000c7800000, 0x00000000c7800000| Untracked 
|1145|0x00000000c7900000, 0x00000000c7900000, 0x00000000c7a00000|  0%| F|  |TAMS 0x00000000c7900000, 0x00000000c7900000| Untracked 
|1146|0x00000000c7a00000, 0x00000000c7a00000, 0x00000000c7b00000|  0%| F|  |TAMS 0x00000000c7a00000, 0x00000000c7a00000| Untracked 
|1147|0x00000000c7b00000, 0x00000000c7b00000, 0x00000000c7c00000|  0%| F|  |TAMS 0x00000000c7b00000, 0x00000000c7b00000| Untracked 
|1148|0x00000000c7c00000, 0x00000000c7c00000, 0x00000000c7d00000|  0%| F|  |TAMS 0x00000000c7c00000, 0x00000000c7c00000| Untracked 
|1149|0x00000000c7d00000, 0x00000000c7d00000, 0x00000000c7e00000|  0%| F|  |TAMS 0x00000000c7d00000, 0x00000000c7d00000| Untracked 
|1150|0x00000000c7e00000, 0x00000000c7e00000, 0x00000000c7f00000|  0%| F|  |TAMS 0x00000000c7e00000, 0x00000000c7e00000| Untracked 
|1151|0x00000000c7f00000, 0x00000000c7f00000, 0x00000000c8000000|  0%| F|  |TAMS 0x00000000c7f00000, 0x00000000c7f00000| Untracked 
|1152|0x00000000c8000000, 0x00000000c8000000, 0x00000000c8100000|  0%| F|  |TAMS 0x00000000c8000000, 0x00000000c8000000| Untracked 
|1153|0x00000000c8100000, 0x00000000c8100000, 0x00000000c8200000|  0%| F|  |TAMS 0x00000000c8100000, 0x00000000c8100000| Untracked 
|1154|0x00000000c8200000, 0x00000000c8200000, 0x00000000c8300000|  0%| F|  |TAMS 0x00000000c8200000, 0x00000000c8200000| Untracked 
|1155|0x00000000c8300000, 0x00000000c8300000, 0x00000000c8400000|  0%| F|  |TAMS 0x00000000c8300000, 0x00000000c8300000| Untracked 
|1156|0x00000000c8400000, 0x00000000c8400000, 0x00000000c8500000|  0%| F|  |TAMS 0x00000000c8400000, 0x00000000c8400000| Untracked 
|1157|0x00000000c8500000, 0x00000000c8500000, 0x00000000c8600000|  0%| F|  |TAMS 0x00000000c8500000, 0x00000000c8500000| Untracked 
|1158|0x00000000c8600000, 0x00000000c8600000, 0x00000000c8700000|  0%| F|  |TAMS 0x00000000c8600000, 0x00000000c8600000| Untracked 
|1159|0x00000000c8700000, 0x00000000c8700000, 0x00000000c8800000|  0%| F|  |TAMS 0x00000000c8700000, 0x00000000c8700000| Untracked 
|1160|0x00000000c8800000, 0x00000000c8800000, 0x00000000c8900000|  0%| F|  |TAMS 0x00000000c8800000, 0x00000000c8800000| Untracked 
|1161|0x00000000c8900000, 0x00000000c8900000, 0x00000000c8a00000|  0%| F|  |TAMS 0x00000000c8900000, 0x00000000c8900000| Untracked 
|1162|0x00000000c8a00000, 0x00000000c8a00000, 0x00000000c8b00000|  0%| F|  |TAMS 0x00000000c8a00000, 0x00000000c8a00000| Untracked 
|1163|0x00000000c8b00000, 0x00000000c8b00000, 0x00000000c8c00000|  0%| F|  |TAMS 0x00000000c8b00000, 0x00000000c8b00000| Untracked 
|1164|0x00000000c8c00000, 0x00000000c8c00000, 0x00000000c8d00000|  0%| F|  |TAMS 0x00000000c8c00000, 0x00000000c8c00000| Untracked 
|1165|0x00000000c8d00000, 0x00000000c8d00000, 0x00000000c8e00000|  0%| F|  |TAMS 0x00000000c8d00000, 0x00000000c8d00000| Untracked 
|1166|0x00000000c8e00000, 0x00000000c8e00000, 0x00000000c8f00000|  0%| F|  |TAMS 0x00000000c8e00000, 0x00000000c8e00000| Untracked 
|1167|0x00000000c8f00000, 0x00000000c8f00000, 0x00000000c9000000|  0%| F|  |TAMS 0x00000000c8f00000, 0x00000000c8f00000| Untracked 
|1168|0x00000000c9000000, 0x00000000c9000000, 0x00000000c9100000|  0%| F|  |TAMS 0x00000000c9000000, 0x00000000c9000000| Untracked 
|1169|0x00000000c9100000, 0x00000000c9100000, 0x00000000c9200000|  0%| F|  |TAMS 0x00000000c9100000, 0x00000000c9100000| Untracked 
|1170|0x00000000c9200000, 0x00000000c9200000, 0x00000000c9300000|  0%| F|  |TAMS 0x00000000c9200000, 0x00000000c9200000| Untracked 
|1171|0x00000000c9300000, 0x00000000c9300000, 0x00000000c9400000|  0%| F|  |TAMS 0x00000000c9300000, 0x00000000c9300000| Untracked 
|1172|0x00000000c9400000, 0x00000000c9400000, 0x00000000c9500000|  0%| F|  |TAMS 0x00000000c9400000, 0x00000000c9400000| Untracked 
|1173|0x00000000c9500000, 0x00000000c9500000, 0x00000000c9600000|  0%| F|  |TAMS 0x00000000c9500000, 0x00000000c9500000| Untracked 
|1174|0x00000000c9600000, 0x00000000c9600000, 0x00000000c9700000|  0%| F|  |TAMS 0x00000000c9600000, 0x00000000c9600000| Untracked 
|1175|0x00000000c9700000, 0x00000000c9700000, 0x00000000c9800000|  0%| F|  |TAMS 0x00000000c9700000, 0x00000000c9700000| Untracked 
|1176|0x00000000c9800000, 0x00000000c9800000, 0x00000000c9900000|  0%| F|  |TAMS 0x00000000c9800000, 0x00000000c9800000| Untracked 
|1177|0x00000000c9900000, 0x00000000c9900000, 0x00000000c9a00000|  0%| F|  |TAMS 0x00000000c9900000, 0x00000000c9900000| Untracked 
|1178|0x00000000c9a00000, 0x00000000c9a00000, 0x00000000c9b00000|  0%| F|  |TAMS 0x00000000c9a00000, 0x00000000c9a00000| Untracked 
|1179|0x00000000c9b00000, 0x00000000c9b00000, 0x00000000c9c00000|  0%| F|  |TAMS 0x00000000c9b00000, 0x00000000c9b00000| Untracked 
|1180|0x00000000c9c00000, 0x00000000c9c00000, 0x00000000c9d00000|  0%| F|  |TAMS 0x00000000c9c00000, 0x00000000c9c00000| Untracked 
|1181|0x00000000c9d00000, 0x00000000c9d00000, 0x00000000c9e00000|  0%| F|  |TAMS 0x00000000c9d00000, 0x00000000c9d00000| Untracked 
|1182|0x00000000c9e00000, 0x00000000c9e00000, 0x00000000c9f00000|  0%| F|  |TAMS 0x00000000c9e00000, 0x00000000c9e00000| Untracked 
|1183|0x00000000c9f00000, 0x00000000c9f00000, 0x00000000ca000000|  0%| F|  |TAMS 0x00000000c9f00000, 0x00000000c9f00000| Untracked 
|1184|0x00000000ca000000, 0x00000000ca000000, 0x00000000ca100000|  0%| F|  |TAMS 0x00000000ca000000, 0x00000000ca000000| Untracked 
|1185|0x00000000ca100000, 0x00000000ca100000, 0x00000000ca200000|  0%| F|  |TAMS 0x00000000ca100000, 0x00000000ca100000| Untracked 
|1186|0x00000000ca200000, 0x00000000ca200000, 0x00000000ca300000|  0%| F|  |TAMS 0x00000000ca200000, 0x00000000ca200000| Untracked 
|1187|0x00000000ca300000, 0x00000000ca300000, 0x00000000ca400000|  0%| F|  |TAMS 0x00000000ca300000, 0x00000000ca300000| Untracked 
|1188|0x00000000ca400000, 0x00000000ca400000, 0x00000000ca500000|  0%| F|  |TAMS 0x00000000ca400000, 0x00000000ca400000| Untracked 
|1189|0x00000000ca500000, 0x00000000ca500000, 0x00000000ca600000|  0%| F|  |TAMS 0x00000000ca500000, 0x00000000ca500000| Untracked 
|1190|0x00000000ca600000, 0x00000000ca600000, 0x00000000ca700000|  0%| F|  |TAMS 0x00000000ca600000, 0x00000000ca600000| Untracked 
|1191|0x00000000ca700000, 0x00000000ca700000, 0x00000000ca800000|  0%| F|  |TAMS 0x00000000ca700000, 0x00000000ca700000| Untracked 
|1192|0x00000000ca800000, 0x00000000ca800000, 0x00000000ca900000|  0%| F|  |TAMS 0x00000000ca800000, 0x00000000ca800000| Untracked 
|1193|0x00000000ca900000, 0x00000000ca900000, 0x00000000caa00000|  0%| F|  |TAMS 0x00000000ca900000, 0x00000000ca900000| Untracked 
|1194|0x00000000caa00000, 0x00000000caa00000, 0x00000000cab00000|  0%| F|  |TAMS 0x00000000caa00000, 0x00000000caa00000| Untracked 
|1195|0x00000000cab00000, 0x00000000cab00000, 0x00000000cac00000|  0%| F|  |TAMS 0x00000000cab00000, 0x00000000cab00000| Untracked 
|1196|0x00000000cac00000, 0x00000000cac00000, 0x00000000cad00000|  0%| F|  |TAMS 0x00000000cac00000, 0x00000000cac00000| Untracked 
|1197|0x00000000cad00000, 0x00000000cad00000, 0x00000000cae00000|  0%| F|  |TAMS 0x00000000cad00000, 0x00000000cad00000| Untracked 
|1198|0x00000000cae00000, 0x00000000cae00000, 0x00000000caf00000|  0%| F|  |TAMS 0x00000000cae00000, 0x00000000cae00000| Untracked 
|1199|0x00000000caf00000, 0x00000000caf00000, 0x00000000cb000000|  0%| F|  |TAMS 0x00000000caf00000, 0x00000000caf00000| Untracked 
|1200|0x00000000cb000000, 0x00000000cb000000, 0x00000000cb100000|  0%| F|  |TAMS 0x00000000cb000000, 0x00000000cb000000| Untracked 
|1201|0x00000000cb100000, 0x00000000cb100000, 0x00000000cb200000|  0%| F|  |TAMS 0x00000000cb100000, 0x00000000cb100000| Untracked 
|1202|0x00000000cb200000, 0x00000000cb200000, 0x00000000cb300000|  0%| F|  |TAMS 0x00000000cb200000, 0x00000000cb200000| Untracked 
|1203|0x00000000cb300000, 0x00000000cb300000, 0x00000000cb400000|  0%| F|  |TAMS 0x00000000cb300000, 0x00000000cb300000| Untracked 
|1204|0x00000000cb400000, 0x00000000cb400000, 0x00000000cb500000|  0%| F|  |TAMS 0x00000000cb400000, 0x00000000cb400000| Untracked 
|1205|0x00000000cb500000, 0x00000000cb500000, 0x00000000cb600000|  0%| F|  |TAMS 0x00000000cb500000, 0x00000000cb500000| Untracked 
|1206|0x00000000cb600000, 0x00000000cb600000, 0x00000000cb700000|  0%| F|  |TAMS 0x00000000cb600000, 0x00000000cb600000| Untracked 
|1207|0x00000000cb700000, 0x00000000cb700000, 0x00000000cb800000|  0%| F|  |TAMS 0x00000000cb700000, 0x00000000cb700000| Untracked 
|1208|0x00000000cb800000, 0x00000000cb800000, 0x00000000cb900000|  0%| F|  |TAMS 0x00000000cb800000, 0x00000000cb800000| Untracked 
|1209|0x00000000cb900000, 0x00000000cb900000, 0x00000000cba00000|  0%| F|  |TAMS 0x00000000cb900000, 0x00000000cb900000| Untracked 
|1210|0x00000000cba00000, 0x00000000cba00000, 0x00000000cbb00000|  0%| F|  |TAMS 0x00000000cba00000, 0x00000000cba00000| Untracked 
|1211|0x00000000cbb00000, 0x00000000cbb00000, 0x00000000cbc00000|  0%| F|  |TAMS 0x00000000cbb00000, 0x00000000cbb00000| Untracked 
|1212|0x00000000cbc00000, 0x00000000cbc00000, 0x00000000cbd00000|  0%| F|  |TAMS 0x00000000cbc00000, 0x00000000cbc00000| Untracked 
|1213|0x00000000cbd00000, 0x00000000cbd00000, 0x00000000cbe00000|  0%| F|  |TAMS 0x00000000cbd00000, 0x00000000cbd00000| Untracked 
|1214|0x00000000cbe00000, 0x00000000cbe00000, 0x00000000cbf00000|  0%| F|  |TAMS 0x00000000cbe00000, 0x00000000cbe00000| Untracked 
|1215|0x00000000cbf00000, 0x00000000cbf00000, 0x00000000cc000000|  0%| F|  |TAMS 0x00000000cbf00000, 0x00000000cbf00000| Untracked 
|1216|0x00000000cc000000, 0x00000000cc000000, 0x00000000cc100000|  0%| F|  |TAMS 0x00000000cc000000, 0x00000000cc000000| Untracked 
|1217|0x00000000cc100000, 0x00000000cc100000, 0x00000000cc200000|  0%| F|  |TAMS 0x00000000cc100000, 0x00000000cc100000| Untracked 
|1218|0x00000000cc200000, 0x00000000cc200000, 0x00000000cc300000|  0%| F|  |TAMS 0x00000000cc200000, 0x00000000cc200000| Untracked 
|1219|0x00000000cc300000, 0x00000000cc300000, 0x00000000cc400000|  0%| F|  |TAMS 0x00000000cc300000, 0x00000000cc300000| Untracked 
|1220|0x00000000cc400000, 0x00000000cc400000, 0x00000000cc500000|  0%| F|  |TAMS 0x00000000cc400000, 0x00000000cc400000| Untracked 
|1221|0x00000000cc500000, 0x00000000cc500000, 0x00000000cc600000|  0%| F|  |TAMS 0x00000000cc500000, 0x00000000cc500000| Untracked 
|1222|0x00000000cc600000, 0x00000000cc600000, 0x00000000cc700000|  0%| F|  |TAMS 0x00000000cc600000, 0x00000000cc600000| Untracked 
|1223|0x00000000cc700000, 0x00000000cc700000, 0x00000000cc800000|  0%| F|  |TAMS 0x00000000cc700000, 0x00000000cc700000| Untracked 
|1224|0x00000000cc800000, 0x00000000cc800000, 0x00000000cc900000|  0%| F|  |TAMS 0x00000000cc800000, 0x00000000cc800000| Untracked 
|1225|0x00000000cc900000, 0x00000000cc900000, 0x00000000cca00000|  0%| F|  |TAMS 0x00000000cc900000, 0x00000000cc900000| Untracked 
|1226|0x00000000cca00000, 0x00000000cca00000, 0x00000000ccb00000|  0%| F|  |TAMS 0x00000000cca00000, 0x00000000cca00000| Untracked 
|1227|0x00000000ccb00000, 0x00000000ccb00000, 0x00000000ccc00000|  0%| F|  |TAMS 0x00000000ccb00000, 0x00000000ccb00000| Untracked 
|1228|0x00000000ccc00000, 0x00000000ccc00000, 0x00000000ccd00000|  0%| F|  |TAMS 0x00000000ccc00000, 0x00000000ccc00000| Untracked 
|1229|0x00000000ccd00000, 0x00000000ccd00000, 0x00000000cce00000|  0%| F|  |TAMS 0x00000000ccd00000, 0x00000000ccd00000| Untracked 
|1230|0x00000000cce00000, 0x00000000cce00000, 0x00000000ccf00000|  0%| F|  |TAMS 0x00000000cce00000, 0x00000000cce00000| Untracked 
|1231|0x00000000ccf00000, 0x00000000ccf00000, 0x00000000cd000000|  0%| F|  |TAMS 0x00000000ccf00000, 0x00000000ccf00000| Untracked 
|1232|0x00000000cd000000, 0x00000000cd000000, 0x00000000cd100000|  0%| F|  |TAMS 0x00000000cd000000, 0x00000000cd000000| Untracked 
|1233|0x00000000cd100000, 0x00000000cd100000, 0x00000000cd200000|  0%| F|  |TAMS 0x00000000cd100000, 0x00000000cd100000| Untracked 
|1234|0x00000000cd200000, 0x00000000cd200000, 0x00000000cd300000|  0%| F|  |TAMS 0x00000000cd200000, 0x00000000cd200000| Untracked 
|1235|0x00000000cd300000, 0x00000000cd300000, 0x00000000cd400000|  0%| F|  |TAMS 0x00000000cd300000, 0x00000000cd300000| Untracked 
|1236|0x00000000cd400000, 0x00000000cd400000, 0x00000000cd500000|  0%| F|  |TAMS 0x00000000cd400000, 0x00000000cd400000| Untracked 
|1237|0x00000000cd500000, 0x00000000cd500000, 0x00000000cd600000|  0%| F|  |TAMS 0x00000000cd500000, 0x00000000cd500000| Untracked 
|1238|0x00000000cd600000, 0x00000000cd600000, 0x00000000cd700000|  0%| F|  |TAMS 0x00000000cd600000, 0x00000000cd600000| Untracked 
|1239|0x00000000cd700000, 0x00000000cd700000, 0x00000000cd800000|  0%| F|  |TAMS 0x00000000cd700000, 0x00000000cd700000| Untracked 
|1240|0x00000000cd800000, 0x00000000cd800000, 0x00000000cd900000|  0%| F|  |TAMS 0x00000000cd800000, 0x00000000cd800000| Untracked 
|1241|0x00000000cd900000, 0x00000000cd900000, 0x00000000cda00000|  0%| F|  |TAMS 0x00000000cd900000, 0x00000000cd900000| Untracked 
|1242|0x00000000cda00000, 0x00000000cda00000, 0x00000000cdb00000|  0%| F|  |TAMS 0x00000000cda00000, 0x00000000cda00000| Untracked 
|1243|0x00000000cdb00000, 0x00000000cdb00000, 0x00000000cdc00000|  0%| F|  |TAMS 0x00000000cdb00000, 0x00000000cdb00000| Untracked 
|1244|0x00000000cdc00000, 0x00000000cdc00000, 0x00000000cdd00000|  0%| F|  |TAMS 0x00000000cdc00000, 0x00000000cdc00000| Untracked 
|1245|0x00000000cdd00000, 0x00000000cdd00000, 0x00000000cde00000|  0%| F|  |TAMS 0x00000000cdd00000, 0x00000000cdd00000| Untracked 
|1246|0x00000000cde00000, 0x00000000cde00000, 0x00000000cdf00000|  0%| F|  |TAMS 0x00000000cde00000, 0x00000000cde00000| Untracked 
|1247|0x00000000cdf00000, 0x00000000cdf00000, 0x00000000ce000000|  0%| F|  |TAMS 0x00000000cdf00000, 0x00000000cdf00000| Untracked 
|1248|0x00000000ce000000, 0x00000000ce000000, 0x00000000ce100000|  0%| F|  |TAMS 0x00000000ce000000, 0x00000000ce000000| Untracked 
|1249|0x00000000ce100000, 0x00000000ce100000, 0x00000000ce200000|  0%| F|  |TAMS 0x00000000ce100000, 0x00000000ce100000| Untracked 
|1250|0x00000000ce200000, 0x00000000ce200000, 0x00000000ce300000|  0%| F|  |TAMS 0x00000000ce200000, 0x00000000ce200000| Untracked 
|1251|0x00000000ce300000, 0x00000000ce300000, 0x00000000ce400000|  0%| F|  |TAMS 0x00000000ce300000, 0x00000000ce300000| Untracked 
|1252|0x00000000ce400000, 0x00000000ce400000, 0x00000000ce500000|  0%| F|  |TAMS 0x00000000ce400000, 0x00000000ce400000| Untracked 
|1253|0x00000000ce500000, 0x00000000ce500000, 0x00000000ce600000|  0%| F|  |TAMS 0x00000000ce500000, 0x00000000ce500000| Untracked 
|1254|0x00000000ce600000, 0x00000000ce600000, 0x00000000ce700000|  0%| F|  |TAMS 0x00000000ce600000, 0x00000000ce600000| Untracked 
|1255|0x00000000ce700000, 0x00000000ce700000, 0x00000000ce800000|  0%| F|  |TAMS 0x00000000ce700000, 0x00000000ce700000| Untracked 
|1256|0x00000000ce800000, 0x00000000ce800000, 0x00000000ce900000|  0%| F|  |TAMS 0x00000000ce800000, 0x00000000ce800000| Untracked 
|1257|0x00000000ce900000, 0x00000000ce900000, 0x00000000cea00000|  0%| F|  |TAMS 0x00000000ce900000, 0x00000000ce900000| Untracked 
|1258|0x00000000cea00000, 0x00000000cea00000, 0x00000000ceb00000|  0%| F|  |TAMS 0x00000000cea00000, 0x00000000cea00000| Untracked 
|1259|0x00000000ceb00000, 0x00000000ceb00000, 0x00000000cec00000|  0%| F|  |TAMS 0x00000000ceb00000, 0x00000000ceb00000| Untracked 
|1260|0x00000000cec00000, 0x00000000cec00000, 0x00000000ced00000|  0%| F|  |TAMS 0x00000000cec00000, 0x00000000cec00000| Untracked 
|1261|0x00000000ced00000, 0x00000000ced00000, 0x00000000cee00000|  0%| F|  |TAMS 0x00000000ced00000, 0x00000000ced00000| Untracked 
|1262|0x00000000cee00000, 0x00000000cee00000, 0x00000000cef00000|  0%| F|  |TAMS 0x00000000cee00000, 0x00000000cee00000| Untracked 
|1263|0x00000000cef00000, 0x00000000cef00000, 0x00000000cf000000|  0%| F|  |TAMS 0x00000000cef00000, 0x00000000cef00000| Untracked 
|1264|0x00000000cf000000, 0x00000000cf000000, 0x00000000cf100000|  0%| F|  |TAMS 0x00000000cf000000, 0x00000000cf000000| Untracked 
|1265|0x00000000cf100000, 0x00000000cf100000, 0x00000000cf200000|  0%| F|  |TAMS 0x00000000cf100000, 0x00000000cf100000| Untracked 
|1266|0x00000000cf200000, 0x00000000cf200000, 0x00000000cf300000|  0%| F|  |TAMS 0x00000000cf200000, 0x00000000cf200000| Untracked 
|1267|0x00000000cf300000, 0x00000000cf300000, 0x00000000cf400000|  0%| F|  |TAMS 0x00000000cf300000, 0x00000000cf300000| Untracked 
|1268|0x00000000cf400000, 0x00000000cf400000, 0x00000000cf500000|  0%| F|  |TAMS 0x00000000cf400000, 0x00000000cf400000| Untracked 
|1269|0x00000000cf500000, 0x00000000cf500000, 0x00000000cf600000|  0%| F|  |TAMS 0x00000000cf500000, 0x00000000cf500000| Untracked 
|1270|0x00000000cf600000, 0x00000000cf600000, 0x00000000cf700000|  0%| F|  |TAMS 0x00000000cf600000, 0x00000000cf600000| Untracked 
|1271|0x00000000cf700000, 0x00000000cf700000, 0x00000000cf800000|  0%| F|  |TAMS 0x00000000cf700000, 0x00000000cf700000| Untracked 
|1272|0x00000000cf800000, 0x00000000cf800000, 0x00000000cf900000|  0%| F|  |TAMS 0x00000000cf800000, 0x00000000cf800000| Untracked 
|1273|0x00000000cf900000, 0x00000000cf900000, 0x00000000cfa00000|  0%| F|  |TAMS 0x00000000cf900000, 0x00000000cf900000| Untracked 
|1274|0x00000000cfa00000, 0x00000000cfa00000, 0x00000000cfb00000|  0%| F|  |TAMS 0x00000000cfa00000, 0x00000000cfa00000| Untracked 
|1275|0x00000000cfb00000, 0x00000000cfb00000, 0x00000000cfc00000|  0%| F|  |TAMS 0x00000000cfb00000, 0x00000000cfb00000| Untracked 
|1276|0x00000000cfc00000, 0x00000000cfc00000, 0x00000000cfd00000|  0%| F|  |TAMS 0x00000000cfc00000, 0x00000000cfc00000| Untracked 
|1277|0x00000000cfd00000, 0x00000000cfd00000, 0x00000000cfe00000|  0%| F|  |TAMS 0x00000000cfd00000, 0x00000000cfd00000| Untracked 
|1278|0x00000000cfe00000, 0x00000000cfe00000, 0x00000000cff00000|  0%| F|  |TAMS 0x00000000cfe00000, 0x00000000cfe00000| Untracked 
|1279|0x00000000cff00000, 0x00000000cff00000, 0x00000000d0000000|  0%| F|  |TAMS 0x00000000cff00000, 0x00000000cff00000| Untracked 
|1280|0x00000000d0000000, 0x00000000d0000000, 0x00000000d0100000|  0%| F|  |TAMS 0x00000000d0000000, 0x00000000d0000000| Untracked 
|1281|0x00000000d0100000, 0x00000000d0100000, 0x00000000d0200000|  0%| F|  |TAMS 0x00000000d0100000, 0x00000000d0100000| Untracked 
|1282|0x00000000d0200000, 0x00000000d0200000, 0x00000000d0300000|  0%| F|  |TAMS 0x00000000d0200000, 0x00000000d0200000| Untracked 
|1283|0x00000000d0300000, 0x00000000d0300000, 0x00000000d0400000|  0%| F|  |TAMS 0x00000000d0300000, 0x00000000d0300000| Untracked 
|1284|0x00000000d0400000, 0x00000000d0400000, 0x00000000d0500000|  0%| F|  |TAMS 0x00000000d0400000, 0x00000000d0400000| Untracked 
|1285|0x00000000d0500000, 0x00000000d0500000, 0x00000000d0600000|  0%| F|  |TAMS 0x00000000d0500000, 0x00000000d0500000| Untracked 
|1286|0x00000000d0600000, 0x00000000d0600000, 0x00000000d0700000|  0%| F|  |TAMS 0x00000000d0600000, 0x00000000d0600000| Untracked 
|1287|0x00000000d0700000, 0x00000000d0700000, 0x00000000d0800000|  0%| F|  |TAMS 0x00000000d0700000, 0x00000000d0700000| Untracked 
|1288|0x00000000d0800000, 0x00000000d0800000, 0x00000000d0900000|  0%| F|  |TAMS 0x00000000d0800000, 0x00000000d0800000| Untracked 
|1289|0x00000000d0900000, 0x00000000d0900000, 0x00000000d0a00000|  0%| F|  |TAMS 0x00000000d0900000, 0x00000000d0900000| Untracked 
|1290|0x00000000d0a00000, 0x00000000d0a00000, 0x00000000d0b00000|  0%| F|  |TAMS 0x00000000d0a00000, 0x00000000d0a00000| Untracked 
|1291|0x00000000d0b00000, 0x00000000d0b00000, 0x00000000d0c00000|  0%| F|  |TAMS 0x00000000d0b00000, 0x00000000d0b00000| Untracked 
|1292|0x00000000d0c00000, 0x00000000d0c00000, 0x00000000d0d00000|  0%| F|  |TAMS 0x00000000d0c00000, 0x00000000d0c00000| Untracked 
|1293|0x00000000d0d00000, 0x00000000d0d00000, 0x00000000d0e00000|  0%| F|  |TAMS 0x00000000d0d00000, 0x00000000d0d00000| Untracked 
|1294|0x00000000d0e00000, 0x00000000d0e00000, 0x00000000d0f00000|  0%| F|  |TAMS 0x00000000d0e00000, 0x00000000d0e00000| Untracked 
|1295|0x00000000d0f00000, 0x00000000d0f00000, 0x00000000d1000000|  0%| F|  |TAMS 0x00000000d0f00000, 0x00000000d0f00000| Untracked 
|1296|0x00000000d1000000, 0x00000000d1000000, 0x00000000d1100000|  0%| F|  |TAMS 0x00000000d1000000, 0x00000000d1000000| Untracked 
|1297|0x00000000d1100000, 0x00000000d1100000, 0x00000000d1200000|  0%| F|  |TAMS 0x00000000d1100000, 0x00000000d1100000| Untracked 
|1298|0x00000000d1200000, 0x00000000d1200000, 0x00000000d1300000|  0%| F|  |TAMS 0x00000000d1200000, 0x00000000d1200000| Untracked 
|1299|0x00000000d1300000, 0x00000000d1300000, 0x00000000d1400000|  0%| F|  |TAMS 0x00000000d1300000, 0x00000000d1300000| Untracked 
|1300|0x00000000d1400000, 0x00000000d1400000, 0x00000000d1500000|  0%| F|  |TAMS 0x00000000d1400000, 0x00000000d1400000| Untracked 
|1301|0x00000000d1500000, 0x00000000d1500000, 0x00000000d1600000|  0%| F|  |TAMS 0x00000000d1500000, 0x00000000d1500000| Untracked 
|1302|0x00000000d1600000, 0x00000000d1600000, 0x00000000d1700000|  0%| F|  |TAMS 0x00000000d1600000, 0x00000000d1600000| Untracked 
|1303|0x00000000d1700000, 0x00000000d1700000, 0x00000000d1800000|  0%| F|  |TAMS 0x00000000d1700000, 0x00000000d1700000| Untracked 
|1304|0x00000000d1800000, 0x00000000d1800000, 0x00000000d1900000|  0%| F|  |TAMS 0x00000000d1800000, 0x00000000d1800000| Untracked 
|1305|0x00000000d1900000, 0x00000000d1900000, 0x00000000d1a00000|  0%| F|  |TAMS 0x00000000d1900000, 0x00000000d1900000| Untracked 
|1306|0x00000000d1a00000, 0x00000000d1a00000, 0x00000000d1b00000|  0%| F|  |TAMS 0x00000000d1a00000, 0x00000000d1a00000| Untracked 
|1307|0x00000000d1b00000, 0x00000000d1b00000, 0x00000000d1c00000|  0%| F|  |TAMS 0x00000000d1b00000, 0x00000000d1b00000| Untracked 
|1308|0x00000000d1c00000, 0x00000000d1c00000, 0x00000000d1d00000|  0%| F|  |TAMS 0x00000000d1c00000, 0x00000000d1c00000| Untracked 
|1309|0x00000000d1d00000, 0x00000000d1d00000, 0x00000000d1e00000|  0%| F|  |TAMS 0x00000000d1d00000, 0x00000000d1d00000| Untracked 
|1310|0x00000000d1e00000, 0x00000000d1e00000, 0x00000000d1f00000|  0%| F|  |TAMS 0x00000000d1e00000, 0x00000000d1e00000| Untracked 
|1311|0x00000000d1f00000, 0x00000000d1f00000, 0x00000000d2000000|  0%| F|  |TAMS 0x00000000d1f00000, 0x00000000d1f00000| Untracked 
|1312|0x00000000d2000000, 0x00000000d2000000, 0x00000000d2100000|  0%| F|  |TAMS 0x00000000d2000000, 0x00000000d2000000| Untracked 
|1313|0x00000000d2100000, 0x00000000d2100000, 0x00000000d2200000|  0%| F|  |TAMS 0x00000000d2100000, 0x00000000d2100000| Untracked 
|1314|0x00000000d2200000, 0x00000000d2200000, 0x00000000d2300000|  0%| F|  |TAMS 0x00000000d2200000, 0x00000000d2200000| Untracked 
|1315|0x00000000d2300000, 0x00000000d2300000, 0x00000000d2400000|  0%| F|  |TAMS 0x00000000d2300000, 0x00000000d2300000| Untracked 
|1316|0x00000000d2400000, 0x00000000d2400000, 0x00000000d2500000|  0%| F|  |TAMS 0x00000000d2400000, 0x00000000d2400000| Untracked 
|1317|0x00000000d2500000, 0x00000000d2500000, 0x00000000d2600000|  0%| F|  |TAMS 0x00000000d2500000, 0x00000000d2500000| Untracked 
|1318|0x00000000d2600000, 0x00000000d2600000, 0x00000000d2700000|  0%| F|  |TAMS 0x00000000d2600000, 0x00000000d2600000| Untracked 
|1319|0x00000000d2700000, 0x00000000d2700000, 0x00000000d2800000|  0%| F|  |TAMS 0x00000000d2700000, 0x00000000d2700000| Untracked 
|1320|0x00000000d2800000, 0x00000000d2800000, 0x00000000d2900000|  0%| F|  |TAMS 0x00000000d2800000, 0x00000000d2800000| Untracked 
|1321|0x00000000d2900000, 0x00000000d2900000, 0x00000000d2a00000|  0%| F|  |TAMS 0x00000000d2900000, 0x00000000d2900000| Untracked 
|1322|0x00000000d2a00000, 0x00000000d2a00000, 0x00000000d2b00000|  0%| F|  |TAMS 0x00000000d2a00000, 0x00000000d2a00000| Untracked 
|1323|0x00000000d2b00000, 0x00000000d2b00000, 0x00000000d2c00000|  0%| F|  |TAMS 0x00000000d2b00000, 0x00000000d2b00000| Untracked 
|1324|0x00000000d2c00000, 0x00000000d2c00000, 0x00000000d2d00000|  0%| F|  |TAMS 0x00000000d2c00000, 0x00000000d2c00000| Untracked 
|1325|0x00000000d2d00000, 0x00000000d2d00000, 0x00000000d2e00000|  0%| F|  |TAMS 0x00000000d2d00000, 0x00000000d2d00000| Untracked 
|1326|0x00000000d2e00000, 0x00000000d2e00000, 0x00000000d2f00000|  0%| F|  |TAMS 0x00000000d2e00000, 0x00000000d2e00000| Untracked 
|1327|0x00000000d2f00000, 0x00000000d2f00000, 0x00000000d3000000|  0%| F|  |TAMS 0x00000000d2f00000, 0x00000000d2f00000| Untracked 
|1328|0x00000000d3000000, 0x00000000d3000000, 0x00000000d3100000|  0%| F|  |TAMS 0x00000000d3000000, 0x00000000d3000000| Untracked 
|1329|0x00000000d3100000, 0x00000000d3100000, 0x00000000d3200000|  0%| F|  |TAMS 0x00000000d3100000, 0x00000000d3100000| Untracked 
|1330|0x00000000d3200000, 0x00000000d3200000, 0x00000000d3300000|  0%| F|  |TAMS 0x00000000d3200000, 0x00000000d3200000| Untracked 
|1331|0x00000000d3300000, 0x00000000d3300000, 0x00000000d3400000|  0%| F|  |TAMS 0x00000000d3300000, 0x00000000d3300000| Untracked 
|1332|0x00000000d3400000, 0x00000000d3400000, 0x00000000d3500000|  0%| F|  |TAMS 0x00000000d3400000, 0x00000000d3400000| Untracked 
|1333|0x00000000d3500000, 0x00000000d3500000, 0x00000000d3600000|  0%| F|  |TAMS 0x00000000d3500000, 0x00000000d3500000| Untracked 
|1334|0x00000000d3600000, 0x00000000d3600000, 0x00000000d3700000|  0%| F|  |TAMS 0x00000000d3600000, 0x00000000d3600000| Untracked 
|1335|0x00000000d3700000, 0x00000000d3700000, 0x00000000d3800000|  0%| F|  |TAMS 0x00000000d3700000, 0x00000000d3700000| Untracked 
|1336|0x00000000d3800000, 0x00000000d3800000, 0x00000000d3900000|  0%| F|  |TAMS 0x00000000d3800000, 0x00000000d3800000| Untracked 
|1337|0x00000000d3900000, 0x00000000d3900000, 0x00000000d3a00000|  0%| F|  |TAMS 0x00000000d3900000, 0x00000000d3900000| Untracked 
|1338|0x00000000d3a00000, 0x00000000d3a00000, 0x00000000d3b00000|  0%| F|  |TAMS 0x00000000d3a00000, 0x00000000d3a00000| Untracked 
|1339|0x00000000d3b00000, 0x00000000d3b00000, 0x00000000d3c00000|  0%| F|  |TAMS 0x00000000d3b00000, 0x00000000d3b00000| Untracked 
|1340|0x00000000d3c00000, 0x00000000d3c00000, 0x00000000d3d00000|  0%| F|  |TAMS 0x00000000d3c00000, 0x00000000d3c00000| Untracked 
|1341|0x00000000d3d00000, 0x00000000d3d00000, 0x00000000d3e00000|  0%| F|  |TAMS 0x00000000d3d00000, 0x00000000d3d00000| Untracked 
|1342|0x00000000d3e00000, 0x00000000d3e00000, 0x00000000d3f00000|  0%| F|  |TAMS 0x00000000d3e00000, 0x00000000d3e00000| Untracked 
|1343|0x00000000d3f00000, 0x00000000d3f00000, 0x00000000d4000000|  0%| F|  |TAMS 0x00000000d3f00000, 0x00000000d3f00000| Untracked 
|1344|0x00000000d4000000, 0x00000000d4000000, 0x00000000d4100000|  0%| F|  |TAMS 0x00000000d4000000, 0x00000000d4000000| Untracked 
|1345|0x00000000d4100000, 0x00000000d4100000, 0x00000000d4200000|  0%| F|  |TAMS 0x00000000d4100000, 0x00000000d4100000| Untracked 
|1346|0x00000000d4200000, 0x00000000d4200000, 0x00000000d4300000|  0%| F|  |TAMS 0x00000000d4200000, 0x00000000d4200000| Untracked 
|1347|0x00000000d4300000, 0x00000000d4300000, 0x00000000d4400000|  0%| F|  |TAMS 0x00000000d4300000, 0x00000000d4300000| Untracked 
|1348|0x00000000d4400000, 0x00000000d4400000, 0x00000000d4500000|  0%| F|  |TAMS 0x00000000d4400000, 0x00000000d4400000| Untracked 
|1349|0x00000000d4500000, 0x00000000d4500000, 0x00000000d4600000|  0%| F|  |TAMS 0x00000000d4500000, 0x00000000d4500000| Untracked 
|1350|0x00000000d4600000, 0x00000000d4600000, 0x00000000d4700000|  0%| F|  |TAMS 0x00000000d4600000, 0x00000000d4600000| Untracked 
|1351|0x00000000d4700000, 0x00000000d4700000, 0x00000000d4800000|  0%| F|  |TAMS 0x00000000d4700000, 0x00000000d4700000| Untracked 
|1352|0x00000000d4800000, 0x00000000d4800000, 0x00000000d4900000|  0%| F|  |TAMS 0x00000000d4800000, 0x00000000d4800000| Untracked 
|1353|0x00000000d4900000, 0x00000000d4900000, 0x00000000d4a00000|  0%| F|  |TAMS 0x00000000d4900000, 0x00000000d4900000| Untracked 
|1354|0x00000000d4a00000, 0x00000000d4a00000, 0x00000000d4b00000|  0%| F|  |TAMS 0x00000000d4a00000, 0x00000000d4a00000| Untracked 
|1355|0x00000000d4b00000, 0x00000000d4b00000, 0x00000000d4c00000|  0%| F|  |TAMS 0x00000000d4b00000, 0x00000000d4b00000| Untracked 
|1356|0x00000000d4c00000, 0x00000000d4c00000, 0x00000000d4d00000|  0%| F|  |TAMS 0x00000000d4c00000, 0x00000000d4c00000| Untracked 
|1357|0x00000000d4d00000, 0x00000000d4d00000, 0x00000000d4e00000|  0%| F|  |TAMS 0x00000000d4d00000, 0x00000000d4d00000| Untracked 
|1358|0x00000000d4e00000, 0x00000000d4e00000, 0x00000000d4f00000|  0%| F|  |TAMS 0x00000000d4e00000, 0x00000000d4e00000| Untracked 
|1359|0x00000000d4f00000, 0x00000000d4f00000, 0x00000000d5000000|  0%| F|  |TAMS 0x00000000d4f00000, 0x00000000d4f00000| Untracked 
|1360|0x00000000d5000000, 0x00000000d5000000, 0x00000000d5100000|  0%| F|  |TAMS 0x00000000d5000000, 0x00000000d5000000| Untracked 
|1361|0x00000000d5100000, 0x00000000d5100000, 0x00000000d5200000|  0%| F|  |TAMS 0x00000000d5100000, 0x00000000d5100000| Untracked 
|1362|0x00000000d5200000, 0x00000000d5200000, 0x00000000d5300000|  0%| F|  |TAMS 0x00000000d5200000, 0x00000000d5200000| Untracked 
|1363|0x00000000d5300000, 0x00000000d5300000, 0x00000000d5400000|  0%| F|  |TAMS 0x00000000d5300000, 0x00000000d5300000| Untracked 
|1364|0x00000000d5400000, 0x00000000d5400000, 0x00000000d5500000|  0%| F|  |TAMS 0x00000000d5400000, 0x00000000d5400000| Untracked 
|1365|0x00000000d5500000, 0x00000000d5500000, 0x00000000d5600000|  0%| F|  |TAMS 0x00000000d5500000, 0x00000000d5500000| Untracked 
|1366|0x00000000d5600000, 0x00000000d5600000, 0x00000000d5700000|  0%| F|  |TAMS 0x00000000d5600000, 0x00000000d5600000| Untracked 
|1367|0x00000000d5700000, 0x00000000d5700000, 0x00000000d5800000|  0%| F|  |TAMS 0x00000000d5700000, 0x00000000d5700000| Untracked 
|1368|0x00000000d5800000, 0x00000000d5800000, 0x00000000d5900000|  0%| F|  |TAMS 0x00000000d5800000, 0x00000000d5800000| Untracked 
|1369|0x00000000d5900000, 0x00000000d5900000, 0x00000000d5a00000|  0%| F|  |TAMS 0x00000000d5900000, 0x00000000d5900000| Untracked 
|1370|0x00000000d5a00000, 0x00000000d5a00000, 0x00000000d5b00000|  0%| F|  |TAMS 0x00000000d5a00000, 0x00000000d5a00000| Untracked 
|1371|0x00000000d5b00000, 0x00000000d5b00000, 0x00000000d5c00000|  0%| F|  |TAMS 0x00000000d5b00000, 0x00000000d5b00000| Untracked 
|1372|0x00000000d5c00000, 0x00000000d5c00000, 0x00000000d5d00000|  0%| F|  |TAMS 0x00000000d5c00000, 0x00000000d5c00000| Untracked 
|1373|0x00000000d5d00000, 0x00000000d5d00000, 0x00000000d5e00000|  0%| F|  |TAMS 0x00000000d5d00000, 0x00000000d5d00000| Untracked 
|1374|0x00000000d5e00000, 0x00000000d5e00000, 0x00000000d5f00000|  0%| F|  |TAMS 0x00000000d5e00000, 0x00000000d5e00000| Untracked 
|1375|0x00000000d5f00000, 0x00000000d5f00000, 0x00000000d6000000|  0%| F|  |TAMS 0x00000000d5f00000, 0x00000000d5f00000| Untracked 
|1376|0x00000000d6000000, 0x00000000d6000000, 0x00000000d6100000|  0%| F|  |TAMS 0x00000000d6000000, 0x00000000d6000000| Untracked 
|1377|0x00000000d6100000, 0x00000000d6100000, 0x00000000d6200000|  0%| F|  |TAMS 0x00000000d6100000, 0x00000000d6100000| Untracked 
|1378|0x00000000d6200000, 0x00000000d6200000, 0x00000000d6300000|  0%| F|  |TAMS 0x00000000d6200000, 0x00000000d6200000| Untracked 
|1379|0x00000000d6300000, 0x00000000d6300000, 0x00000000d6400000|  0%| F|  |TAMS 0x00000000d6300000, 0x00000000d6300000| Untracked 
|1380|0x00000000d6400000, 0x00000000d6400000, 0x00000000d6500000|  0%| F|  |TAMS 0x00000000d6400000, 0x00000000d6400000| Untracked 
|1381|0x00000000d6500000, 0x00000000d6500000, 0x00000000d6600000|  0%| F|  |TAMS 0x00000000d6500000, 0x00000000d6500000| Untracked 
|1382|0x00000000d6600000, 0x00000000d6600000, 0x00000000d6700000|  0%| F|  |TAMS 0x00000000d6600000, 0x00000000d6600000| Untracked 
|1383|0x00000000d6700000, 0x00000000d6700000, 0x00000000d6800000|  0%| F|  |TAMS 0x00000000d6700000, 0x00000000d6700000| Untracked 
|1384|0x00000000d6800000, 0x00000000d6800000, 0x00000000d6900000|  0%| F|  |TAMS 0x00000000d6800000, 0x00000000d6800000| Untracked 
|1385|0x00000000d6900000, 0x00000000d6900000, 0x00000000d6a00000|  0%| F|  |TAMS 0x00000000d6900000, 0x00000000d6900000| Untracked 
|1386|0x00000000d6a00000, 0x00000000d6a00000, 0x00000000d6b00000|  0%| F|  |TAMS 0x00000000d6a00000, 0x00000000d6a00000| Untracked 
|1387|0x00000000d6b00000, 0x00000000d6b00000, 0x00000000d6c00000|  0%| F|  |TAMS 0x00000000d6b00000, 0x00000000d6b00000| Untracked 
|1388|0x00000000d6c00000, 0x00000000d6c00000, 0x00000000d6d00000|  0%| F|  |TAMS 0x00000000d6c00000, 0x00000000d6c00000| Untracked 
|1389|0x00000000d6d00000, 0x00000000d6d00000, 0x00000000d6e00000|  0%| F|  |TAMS 0x00000000d6d00000, 0x00000000d6d00000| Untracked 
|1390|0x00000000d6e00000, 0x00000000d6e00000, 0x00000000d6f00000|  0%| F|  |TAMS 0x00000000d6e00000, 0x00000000d6e00000| Untracked 
|1391|0x00000000d6f00000, 0x00000000d6f00000, 0x00000000d7000000|  0%| F|  |TAMS 0x00000000d6f00000, 0x00000000d6f00000| Untracked 
|1392|0x00000000d7000000, 0x00000000d7000000, 0x00000000d7100000|  0%| F|  |TAMS 0x00000000d7000000, 0x00000000d7000000| Untracked 
|1393|0x00000000d7100000, 0x00000000d7100000, 0x00000000d7200000|  0%| F|  |TAMS 0x00000000d7100000, 0x00000000d7100000| Untracked 
|1394|0x00000000d7200000, 0x00000000d7200000, 0x00000000d7300000|  0%| F|  |TAMS 0x00000000d7200000, 0x00000000d7200000| Untracked 
|1395|0x00000000d7300000, 0x00000000d7300000, 0x00000000d7400000|  0%| F|  |TAMS 0x00000000d7300000, 0x00000000d7300000| Untracked 
|1396|0x00000000d7400000, 0x00000000d7400000, 0x00000000d7500000|  0%| F|  |TAMS 0x00000000d7400000, 0x00000000d7400000| Untracked 
|1397|0x00000000d7500000, 0x00000000d7500000, 0x00000000d7600000|  0%| F|  |TAMS 0x00000000d7500000, 0x00000000d7500000| Untracked 
|1398|0x00000000d7600000, 0x00000000d7600000, 0x00000000d7700000|  0%| F|  |TAMS 0x00000000d7600000, 0x00000000d7600000| Untracked 
|1399|0x00000000d7700000, 0x00000000d7700000, 0x00000000d7800000|  0%| F|  |TAMS 0x00000000d7700000, 0x00000000d7700000| Untracked 
|1400|0x00000000d7800000, 0x00000000d7800000, 0x00000000d7900000|  0%| F|  |TAMS 0x00000000d7800000, 0x00000000d7800000| Untracked 
|1401|0x00000000d7900000, 0x00000000d7900000, 0x00000000d7a00000|  0%| F|  |TAMS 0x00000000d7900000, 0x00000000d7900000| Untracked 
|1402|0x00000000d7a00000, 0x00000000d7a00000, 0x00000000d7b00000|  0%| F|  |TAMS 0x00000000d7a00000, 0x00000000d7a00000| Untracked 
|1403|0x00000000d7b00000, 0x00000000d7b00000, 0x00000000d7c00000|  0%| F|  |TAMS 0x00000000d7b00000, 0x00000000d7b00000| Untracked 
|1404|0x00000000d7c00000, 0x00000000d7c00000, 0x00000000d7d00000|  0%| F|  |TAMS 0x00000000d7c00000, 0x00000000d7c00000| Untracked 
|1405|0x00000000d7d00000, 0x00000000d7d00000, 0x00000000d7e00000|  0%| F|  |TAMS 0x00000000d7d00000, 0x00000000d7d00000| Untracked 
|1406|0x00000000d7e00000, 0x00000000d7e00000, 0x00000000d7f00000|  0%| F|  |TAMS 0x00000000d7e00000, 0x00000000d7e00000| Untracked 
|1407|0x00000000d7f00000, 0x00000000d7f00000, 0x00000000d8000000|  0%| F|  |TAMS 0x00000000d7f00000, 0x00000000d7f00000| Untracked 
|1408|0x00000000d8000000, 0x00000000d8000000, 0x00000000d8100000|  0%| F|  |TAMS 0x00000000d8000000, 0x00000000d8000000| Untracked 
|1409|0x00000000d8100000, 0x00000000d8100000, 0x00000000d8200000|  0%| F|  |TAMS 0x00000000d8100000, 0x00000000d8100000| Untracked 
|1410|0x00000000d8200000, 0x00000000d8200000, 0x00000000d8300000|  0%| F|  |TAMS 0x00000000d8200000, 0x00000000d8200000| Untracked 
|1411|0x00000000d8300000, 0x00000000d8300000, 0x00000000d8400000|  0%| F|  |TAMS 0x00000000d8300000, 0x00000000d8300000| Untracked 
|1412|0x00000000d8400000, 0x00000000d8400000, 0x00000000d8500000|  0%| F|  |TAMS 0x00000000d8400000, 0x00000000d8400000| Untracked 
|1413|0x00000000d8500000, 0x00000000d8500000, 0x00000000d8600000|  0%| F|  |TAMS 0x00000000d8500000, 0x00000000d8500000| Untracked 
|1414|0x00000000d8600000, 0x00000000d8600000, 0x00000000d8700000|  0%| F|  |TAMS 0x00000000d8600000, 0x00000000d8600000| Untracked 
|1415|0x00000000d8700000, 0x00000000d8700000, 0x00000000d8800000|  0%| F|  |TAMS 0x00000000d8700000, 0x00000000d8700000| Untracked 
|1416|0x00000000d8800000, 0x00000000d8800000, 0x00000000d8900000|  0%| F|  |TAMS 0x00000000d8800000, 0x00000000d8800000| Untracked 
|1417|0x00000000d8900000, 0x00000000d8900000, 0x00000000d8a00000|  0%| F|  |TAMS 0x00000000d8900000, 0x00000000d8900000| Untracked 
|1418|0x00000000d8a00000, 0x00000000d8a00000, 0x00000000d8b00000|  0%| F|  |TAMS 0x00000000d8a00000, 0x00000000d8a00000| Untracked 
|1419|0x00000000d8b00000, 0x00000000d8b00000, 0x00000000d8c00000|  0%| F|  |TAMS 0x00000000d8b00000, 0x00000000d8b00000| Untracked 
|1420|0x00000000d8c00000, 0x00000000d8c00000, 0x00000000d8d00000|  0%| F|  |TAMS 0x00000000d8c00000, 0x00000000d8c00000| Untracked 
|1421|0x00000000d8d00000, 0x00000000d8d00000, 0x00000000d8e00000|  0%| F|  |TAMS 0x00000000d8d00000, 0x00000000d8d00000| Untracked 
|1422|0x00000000d8e00000, 0x00000000d8e00000, 0x00000000d8f00000|  0%| F|  |TAMS 0x00000000d8e00000, 0x00000000d8e00000| Untracked 
|1423|0x00000000d8f00000, 0x00000000d8f00000, 0x00000000d9000000|  0%| F|  |TAMS 0x00000000d8f00000, 0x00000000d8f00000| Untracked 
|1424|0x00000000d9000000, 0x00000000d9000000, 0x00000000d9100000|  0%| F|  |TAMS 0x00000000d9000000, 0x00000000d9000000| Untracked 
|1425|0x00000000d9100000, 0x00000000d9100000, 0x00000000d9200000|  0%| F|  |TAMS 0x00000000d9100000, 0x00000000d9100000| Untracked 
|1426|0x00000000d9200000, 0x00000000d9200000, 0x00000000d9300000|  0%| F|  |TAMS 0x00000000d9200000, 0x00000000d9200000| Untracked 
|1427|0x00000000d9300000, 0x00000000d9300000, 0x00000000d9400000|  0%| F|  |TAMS 0x00000000d9300000, 0x00000000d9300000| Untracked 
|1428|0x00000000d9400000, 0x00000000d9400000, 0x00000000d9500000|  0%| F|  |TAMS 0x00000000d9400000, 0x00000000d9400000| Untracked 
|1429|0x00000000d9500000, 0x00000000d9500000, 0x00000000d9600000|  0%| F|  |TAMS 0x00000000d9500000, 0x00000000d9500000| Untracked 
|1430|0x00000000d9600000, 0x00000000d9600000, 0x00000000d9700000|  0%| F|  |TAMS 0x00000000d9600000, 0x00000000d9600000| Untracked 
|1431|0x00000000d9700000, 0x00000000d9700000, 0x00000000d9800000|  0%| F|  |TAMS 0x00000000d9700000, 0x00000000d9700000| Untracked 
|1432|0x00000000d9800000, 0x00000000d9800000, 0x00000000d9900000|  0%| F|  |TAMS 0x00000000d9800000, 0x00000000d9800000| Untracked 
|1433|0x00000000d9900000, 0x00000000d9900000, 0x00000000d9a00000|  0%| F|  |TAMS 0x00000000d9900000, 0x00000000d9900000| Untracked 
|1434|0x00000000d9a00000, 0x00000000d9a00000, 0x00000000d9b00000|  0%| F|  |TAMS 0x00000000d9a00000, 0x00000000d9a00000| Untracked 
|1435|0x00000000d9b00000, 0x00000000d9b00000, 0x00000000d9c00000|  0%| F|  |TAMS 0x00000000d9b00000, 0x00000000d9b00000| Untracked 
|1436|0x00000000d9c00000, 0x00000000d9c00000, 0x00000000d9d00000|  0%| F|  |TAMS 0x00000000d9c00000, 0x00000000d9c00000| Untracked 
|1437|0x00000000d9d00000, 0x00000000d9d00000, 0x00000000d9e00000|  0%| F|  |TAMS 0x00000000d9d00000, 0x00000000d9d00000| Untracked 
|1438|0x00000000d9e00000, 0x00000000d9e00000, 0x00000000d9f00000|  0%| F|  |TAMS 0x00000000d9e00000, 0x00000000d9e00000| Untracked 
|1439|0x00000000d9f00000, 0x00000000d9f80000, 0x00000000da000000| 50%| S|  |TAMS 0x00000000d9f00000, 0x00000000d9f00000| Complete 
|1440|0x00000000da000000, 0x00000000da100000, 0x00000000da100000|100%| S|  |TAMS 0x00000000da000000, 0x00000000da000000| Complete 
|1441|0x00000000da100000, 0x00000000da200000, 0x00000000da200000|100%| S|  |TAMS 0x00000000da100000, 0x00000000da100000| Complete 
|1442|0x00000000da200000, 0x00000000da300000, 0x00000000da300000|100%| S|  |TAMS 0x00000000da200000, 0x00000000da200000| Complete 
|1443|0x00000000da300000, 0x00000000da400000, 0x00000000da400000|100%| S|  |TAMS 0x00000000da300000, 0x00000000da300000| Complete 
|1444|0x00000000da400000, 0x00000000da500000, 0x00000000da500000|100%| S|  |TAMS 0x00000000da400000, 0x00000000da400000| Complete 
|1445|0x00000000da500000, 0x00000000da600000, 0x00000000da600000|100%| S|  |TAMS 0x00000000da500000, 0x00000000da500000| Complete 
|1446|0x00000000da600000, 0x00000000da700000, 0x00000000da700000|100%| S|  |TAMS 0x00000000da600000, 0x00000000da600000| Complete 
|1447|0x00000000da700000, 0x00000000da800000, 0x00000000da800000|100%| S|  |TAMS 0x00000000da700000, 0x00000000da700000| Complete 
|1448|0x00000000da800000, 0x00000000da900000, 0x00000000da900000|100%| E|CS|TAMS 0x00000000da800000, 0x00000000da900000| Complete 
|1449|0x00000000da900000, 0x00000000daa00000, 0x00000000daa00000|100%| E|CS|TAMS 0x00000000da900000, 0x00000000daa00000| Complete 
|1450|0x00000000daa00000, 0x00000000dab00000, 0x00000000dab00000|100%| E|CS|TAMS 0x00000000daa00000, 0x00000000dab00000| Complete 
|1451|0x00000000dab00000, 0x00000000dac00000, 0x00000000dac00000|100%| E|CS|TAMS 0x00000000dab00000, 0x00000000dac00000| Complete 
|1452|0x00000000dac00000, 0x00000000dad00000, 0x00000000dad00000|100%| E|CS|TAMS 0x00000000dac00000, 0x00000000dad00000| Complete 
|1453|0x00000000dad00000, 0x00000000dae00000, 0x00000000dae00000|100%| E|CS|TAMS 0x00000000dad00000, 0x00000000dae00000| Complete 
|1454|0x00000000dae00000, 0x00000000daf00000, 0x00000000daf00000|100%| E|CS|TAMS 0x00000000dae00000, 0x00000000daf00000| Complete 
|1455|0x00000000daf00000, 0x00000000db000000, 0x00000000db000000|100%| E|CS|TAMS 0x00000000daf00000, 0x00000000db000000| Complete 
|1456|0x00000000db000000, 0x00000000db100000, 0x00000000db100000|100%| E|CS|TAMS 0x00000000db000000, 0x00000000db100000| Complete 
|1457|0x00000000db100000, 0x00000000db200000, 0x00000000db200000|100%| E|CS|TAMS 0x00000000db100000, 0x00000000db200000| Complete 
|1458|0x00000000db200000, 0x00000000db300000, 0x00000000db300000|100%| E|CS|TAMS 0x00000000db200000, 0x00000000db300000| Complete 
|1459|0x00000000db300000, 0x00000000db400000, 0x00000000db400000|100%| E|CS|TAMS 0x00000000db300000, 0x00000000db400000| Complete 
|1460|0x00000000db400000, 0x00000000db500000, 0x00000000db500000|100%| E|CS|TAMS 0x00000000db400000, 0x00000000db500000| Complete 

Card table byte_map: [0x0000021e4be40000,0x0000021e4c240000] _byte_map_base: 0x0000021e4ba40000

Marking Bits (Prev, Next): (CMBitMap*) 0x0000021e34c91c80, (CMBitMap*) 0x0000021e34c91cc0
 Prev Bits: [0x0000021e4c640000, 0x0000021e4e640000)
 Next Bits: [0x0000021e4e640000, 0x0000021e50640000)

Polling page: 0x0000021e32b90000

Metaspace:

Usage:
  Non-class:    168.00 MB used.
      Class:     25.24 MB used.
       Both:    193.24 MB used.

Virtual space:
  Non-class space:      192.00 MB reserved,     169.94 MB ( 89%) committed,  3 nodes.
      Class space:      416.00 MB reserved,      26.94 MB (  6%) committed,  1 nodes.
             Both:      608.00 MB reserved,     196.88 MB ( 32%) committed. 

Chunk freelists:
   Non-Class:  5.55 MB
       Class:  4.90 MB
        Both:  10.45 MB

MaxMetaspaceSize: 512.00 MB
CompressedClassSpaceSize: 416.00 MB
Initial GC threshold: 21.00 MB
Current GC threshold: 309.69 MB
CDS: on
MetaspaceReclaimPolicy: balanced
 - commit_granule_bytes: 65536.
 - commit_granule_words: 8192.
 - virtual_space_node_default_size: 8388608.
 - enlarge_chunks_in_place: 1.
 - new_chunks_are_fully_committed: 0.
 - uncommit_free_chunks: 1.
 - use_allocation_guard: 0.
 - handle_deallocations: 1.


Internal statistics:

num_allocs_failed_limit: 12.
num_arena_births: 6808.
num_arena_deaths: 364.
num_vsnodes_births: 4.
num_vsnodes_deaths: 0.
num_space_committed: 3157.
num_space_uncommitted: 9.
num_chunks_returned_to_freelist: 539.
num_chunks_taken_from_freelist: 17212.
num_chunk_merges: 194.
num_chunk_splits: 9973.
num_chunks_enlarged: 4843.
num_inconsistent_stats: 0.

CodeHeap 'non-profiled nmethods': size=120000Kb used=39762Kb max_used=39762Kb free=80237Kb
 bounds [0x0000021e43fc0000, 0x0000021e466a0000, 0x0000021e4b4f0000]
CodeHeap 'profiled nmethods': size=120000Kb used=86432Kb max_used=88088Kb free=33567Kb
 bounds [0x0000021e3c4f0000, 0x0000021e41b50000, 0x0000021e43a20000]
CodeHeap 'non-nmethods': size=5760Kb used=2619Kb max_used=2719Kb free=3140Kb
 bounds [0x0000021e43a20000, 0x0000021e43cd0000, 0x0000021e43fc0000]
 total_blobs=41497 nmethods=40316 adapters=1089
 compilation: enabled
              stopped_count=0, restarted_count=0
 full_count=0

Compilation events (20 events):
Event: 23150.755 Thread 0x0000021e52a31f70 54615       2       com.android.tools.r8.internal.wm::<init> (7 bytes)
Event: 23150.757 Thread 0x0000021e52a31f70 nmethod 54615 0x0000021e3fe38310 code [0x0000021e3fe384a0, 0x0000021e3fe385c8]
Event: 23150.793 Thread 0x0000021e52a31f70 54617       2       com.android.tools.r8.internal.om::<init> (7 bytes)
Event: 23150.794 Thread 0x0000021e52a31f70 nmethod 54617 0x0000021e3fedb610 code [0x0000021e3fedb7a0, 0x0000021e3fedb8c8]
Event: 23150.835 Thread 0x0000021e52a31f70 54618       2       com.android.tools.r8.internal.ym::<init> (7 bytes)
Event: 23150.835 Thread 0x0000021e52a31f70 nmethod 54618 0x0000021e3ff72d90 code [0x0000021e3ff72f20, 0x0000021e3ff73048]
Event: 23150.887 Thread 0x0000021e52a31f70 54619       2       com.android.tools.r8.internal.Gq::<init> (7 bytes)
Event: 23150.887 Thread 0x0000021e52a31f70 nmethod 54619 0x0000021e3ffcd210 code [0x0000021e3ffcd3a0, 0x0000021e3ffcd4c8]
Event: 23150.888 Thread 0x0000021e52a31f70 54620       2       com.android.tools.r8.internal.In::<init> (7 bytes)
Event: 23150.889 Thread 0x0000021e52a31f70 nmethod 54620 0x0000021e402e2e90 code [0x0000021e402e3020, 0x0000021e402e3148]
Event: 23150.889 Thread 0x0000021e52a31f70 54621       2       com.android.tools.r8.internal.Sr::<init> (7 bytes)
Event: 23150.910 Thread 0x0000021e52a31f70 nmethod 54621 0x0000021e40357490 code [0x0000021e40357620, 0x0000021e40357748]
Event: 23150.910 Thread 0x0000021e52a31f70 54622       2       com.android.tools.r8.internal.kp::<init> (7 bytes)
Event: 23150.911 Thread 0x0000021e52a31f70 nmethod 54622 0x0000021e407bd310 code [0x0000021e407bd4a0, 0x0000021e407bd5c8]
Event: 23150.911 Thread 0x0000021e52a31f70 54623       2       com.android.tools.r8.internal.Em::<init> (7 bytes)
Event: 23150.911 Thread 0x0000021e52a31f70 nmethod 54623 0x0000021e409acf90 code [0x0000021e409ad120, 0x0000021e409ad248]
Event: 23150.912 Thread 0x0000021e52a31f70 54624       2       com.android.tools.r8.internal.Kq::<init> (7 bytes)
Event: 23150.913 Thread 0x0000021e52a31f70 nmethod 54624 0x0000021e409dfb90 code [0x0000021e409dfd20, 0x0000021e409dfe48]
Event: 23150.956 Thread 0x0000021e52a31f70 54627       2       com.android.tools.r8.internal.Sp::<init> (7 bytes)
Event: 23150.966 Thread 0x0000021e52a31f70 nmethod 54627 0x0000021e409e6710 code [0x0000021e409e68a0, 0x0000021e409e69c8]

GC Heap History (20 events):
Event: 22905.393 GC heap before
{Heap before GC invocations=180 (full 1):
 garbage-first heap   total 1172480K, used 776003K [0x0000000080000000, 0x0000000100000000)
  region size 1024K, 63 young (64512K), 4 survivors (4096K)
 Metaspace       used 191451K, committed 194496K, reserved 622592K
  class space    used 25252K, committed 26688K, reserved 425984K
}
Event: 22905.419 GC heap after
{Heap after GC invocations=181 (full 1):
 garbage-first heap   total 1496064K, used 714695K [0x0000000080000000, 0x0000000100000000)
  region size 1024K, 3 young (3072K), 3 survivors (3072K)
 Metaspace       used 191451K, committed 194496K, reserved 622592K
  class space    used 25252K, committed 26688K, reserved 425984K
}
Event: 22915.078 GC heap before
{Heap before GC invocations=181 (full 1):
 garbage-first heap   total 1496064K, used 841671K [0x0000000080000000, 0x0000000100000000)
  region size 1024K, 109 young (111616K), 3 survivors (3072K)
 Metaspace       used 191879K, committed 194944K, reserved 622592K
  class space    used 25279K, committed 26752K, reserved 425984K
}
Event: 22915.208 GC heap after
{Heap after GC invocations=182 (full 1):
 garbage-first heap   total 1496064K, used 734489K [0x0000000080000000, 0x0000000100000000)
  region size 1024K, 7 young (7168K), 7 survivors (7168K)
 Metaspace       used 191879K, committed 194944K, reserved 622592K
  class space    used 25279K, committed 26752K, reserved 425984K
}
Event: 22972.142 GC heap before
{Heap before GC invocations=182 (full 1):
 garbage-first heap   total 1496064K, used 805145K [0x0000000080000000, 0x0000000100000000)
  region size 1024K, 73 young (74752K), 7 survivors (7168K)
 Metaspace       used 192172K, committed 195264K, reserved 622592K
  class space    used 25314K, committed 26752K, reserved 425984K
}
Event: 22972.177 GC heap after
{Heap after GC invocations=183 (full 1):
 garbage-first heap   total 1496064K, used 705125K [0x0000000080000000, 0x0000000100000000)
  region size 1024K, 2 young (2048K), 2 survivors (2048K)
 Metaspace       used 192172K, committed 195264K, reserved 622592K
  class space    used 25314K, committed 26752K, reserved 425984K
}
Event: 23117.463 GC heap before
{Heap before GC invocations=183 (full 1):
 garbage-first heap   total 1496064K, used 868965K [0x0000000080000000, 0x0000000100000000)
  region size 1024K, 159 young (162816K), 2 survivors (2048K)
 Metaspace       used 193504K, committed 196992K, reserved 622592K
  class space    used 25542K, committed 27200K, reserved 425984K
}
Event: 23117.592 GC heap after
{Heap after GC invocations=184 (full 1):
 garbage-first heap   total 1496064K, used 718952K [0x0000000080000000, 0x0000000100000000)
  region size 1024K, 14 young (14336K), 14 survivors (14336K)
 Metaspace       used 193504K, committed 196992K, reserved 622592K
  class space    used 25542K, committed 27200K, reserved 425984K
}
Event: 23120.098 GC heap before
{Heap before GC invocations=184 (full 1):
 garbage-first heap   total 1496064K, used 778344K [0x0000000080000000, 0x0000000100000000)
  region size 1024K, 73 young (74752K), 14 survivors (14336K)
 Metaspace       used 193684K, committed 197184K, reserved 622592K
  class space    used 25576K, committed 27264K, reserved 425984K
}
Event: 23120.166 GC heap after
{Heap after GC invocations=185 (full 1):
 garbage-first heap   total 1496064K, used 730091K [0x0000000080000000, 0x0000000100000000)
  region size 1024K, 10 young (10240K), 10 survivors (10240K)
 Metaspace       used 193684K, committed 197184K, reserved 622592K
  class space    used 25576K, committed 27264K, reserved 425984K
}
Event: 23121.706 GC heap before
{Heap before GC invocations=185 (full 1):
 garbage-first heap   total 1496064K, used 848875K [0x0000000080000000, 0x0000000100000000)
  region size 1024K, 126 young (129024K), 10 survivors (10240K)
 Metaspace       used 193966K, committed 197568K, reserved 622592K
  class space    used 25614K, committed 27328K, reserved 425984K
}
Event: 23121.729 GC heap after
{Heap after GC invocations=186 (full 1):
 garbage-first heap   total 1496064K, used 749608K [0x0000000080000000, 0x0000000100000000)
  region size 1024K, 16 young (16384K), 16 survivors (16384K)
 Metaspace       used 193966K, committed 197568K, reserved 622592K
  class space    used 25614K, committed 27328K, reserved 425984K
}
Event: 23124.002 GC heap before
{Heap before GC invocations=186 (full 1):
 garbage-first heap   total 1496064K, used 879656K [0x0000000080000000, 0x0000000100000000)
  region size 1024K, 138 young (141312K), 16 survivors (16384K)
 Metaspace       used 194477K, committed 198144K, reserved 622592K
  class space    used 25653K, committed 27392K, reserved 425984K
}
Event: 23124.025 GC heap after
{Heap after GC invocations=187 (full 1):
 garbage-first heap   total 1496064K, used 761945K [0x0000000080000000, 0x0000000100000000)
  region size 1024K, 10 young (10240K), 10 survivors (10240K)
 Metaspace       used 194477K, committed 198144K, reserved 622592K
  class space    used 25653K, committed 27392K, reserved 425984K
}
Event: 23126.288 GC heap before
{Heap before GC invocations=187 (full 1):
 garbage-first heap   total 1496064K, used 1012825K [0x0000000080000000, 0x0000000100000000)
  region size 1024K, 248 young (253952K), 10 survivors (10240K)
 Metaspace       used 196722K, committed 200448K, reserved 622592K
  class space    used 25756K, committed 27520K, reserved 425984K
}
Event: 23126.315 GC heap after
{Heap after GC invocations=188 (full 1):
 garbage-first heap   total 1496064K, used 772033K [0x0000000080000000, 0x0000000100000000)
  region size 1024K, 20 young (20480K), 20 survivors (20480K)
 Metaspace       used 196722K, committed 200448K, reserved 622592K
  class space    used 25756K, committed 27520K, reserved 425984K
}
Event: 23127.356 GC heap before
{Heap before GC invocations=188 (full 1):
 garbage-first heap   total 1496064K, used 1076161K [0x0000000080000000, 0x0000000100000000)
  region size 1024K, 318 young (325632K), 20 survivors (20480K)
 Metaspace       used 197614K, committed 201344K, reserved 622592K
  class space    used 25827K, committed 27584K, reserved 425984K
}
Event: 23127.387 GC heap after
{Heap after GC invocations=189 (full 1):
 garbage-first heap   total 1496064K, used 769751K [0x0000000080000000, 0x0000000100000000)
  region size 1024K, 19 young (19456K), 19 survivors (19456K)
 Metaspace       used 197614K, committed 201344K, reserved 622592K
  class space    used 25827K, committed 27584K, reserved 425984K
}
Event: 23147.542 GC heap before
{Heap before GC invocations=189 (full 1):
 garbage-first heap   total 1496064K, used 1330903K [0x0000000080000000, 0x0000000100000000)
  region size 1024K, 474 young (485376K), 19 survivors (19456K)
 Metaspace       used 197873K, committed 201600K, reserved 622592K
  class space    used 25842K, committed 27584K, reserved 425984K
}
Event: 23150.039 GC heap after
{Heap after GC invocations=190 (full 1):
 garbage-first heap   total 1496064K, used 965165K [0x0000000080000000, 0x0000000100000000)
  region size 1024K, 60 young (61440K), 60 survivors (61440K)
 Metaspace       used 197873K, committed 201600K, reserved 622592K
  class space    used 25842K, committed 27584K, reserved 425984K
}

Deoptimization events (20 events):
Event: 23144.676 Thread 0x0000021e7fb3be10 Uncommon trap: trap_request=0xffffffbe fr.pc=0x0000021e46574c40 relative=0x0000000000000f80
Event: 23144.676 Thread 0x0000021e7fb3be10 Uncommon trap: reason=profile_predicate action=maybe_recompile pc=0x0000021e46574c40 method=com.android.tools.r8.dex.C.a(I[Lcom/android/tools/r8/graph/t2;[Lcom/android/tools/r8/graph/O2;)[Lcom/android/tools/r8/graph/g1; @ 29 c2
Event: 23144.677 Thread 0x0000021e7fb3be10 DEOPT PACKING pc=0x0000021e46574c40 sp=0x000000cabb2fe8b0
Event: 23144.677 Thread 0x0000021e76019880 Uncommon trap: trap_request=0xffffffbe fr.pc=0x0000021e46574c40 relative=0x0000000000000f80
Event: 23144.677 Thread 0x0000021e76019880 Uncommon trap: reason=profile_predicate action=maybe_recompile pc=0x0000021e46574c40 method=com.android.tools.r8.dex.C.a(I[Lcom/android/tools/r8/graph/t2;[Lcom/android/tools/r8/graph/O2;)[Lcom/android/tools/r8/graph/g1; @ 29 c2
Event: 23144.677 Thread 0x0000021e76019880 DEOPT PACKING pc=0x0000021e46574c40 sp=0x000000cabb3fea40
Event: 23144.677 Thread 0x0000021e7f946f30 Uncommon trap: trap_request=0xffffffbe fr.pc=0x0000021e46574c40 relative=0x0000000000000f80
Event: 23144.677 Thread 0x0000021e7f946f30 Uncommon trap: reason=profile_predicate action=maybe_recompile pc=0x0000021e46574c40 method=com.android.tools.r8.dex.C.a(I[Lcom/android/tools/r8/graph/t2;[Lcom/android/tools/r8/graph/O2;)[Lcom/android/tools/r8/graph/g1; @ 29 c2
Event: 23144.677 Thread 0x0000021e7f946f30 DEOPT PACKING pc=0x0000021e46574c40 sp=0x000000cabbdfeb50
Event: 23144.677 Thread 0x0000021e7fb3be10 DEOPT UNPACKING pc=0x0000021e43a723a3 sp=0x000000cabb2fe868 mode 2
Event: 23144.677 Thread 0x0000021e76018440 Uncommon trap: trap_request=0xffffffbe fr.pc=0x0000021e46574c40 relative=0x0000000000000f80
Event: 23144.677 Thread 0x0000021e76018440 Uncommon trap: reason=profile_predicate action=maybe_recompile pc=0x0000021e46574c40 method=com.android.tools.r8.dex.C.a(I[Lcom/android/tools/r8/graph/t2;[Lcom/android/tools/r8/graph/O2;)[Lcom/android/tools/r8/graph/g1; @ 29 c2
Event: 23144.677 Thread 0x0000021e76018440 DEOPT PACKING pc=0x0000021e46574c40 sp=0x000000cabb4fed70
Event: 23144.677 Thread 0x0000021e76019880 DEOPT UNPACKING pc=0x0000021e43a723a3 sp=0x000000cabb3fe9f8 mode 2
Event: 23145.027 Thread 0x0000021e7f946f30 DEOPT UNPACKING pc=0x0000021e43a723a3 sp=0x000000cabbdfeb08 mode 2
Event: 23145.059 Thread 0x0000021e76018440 DEOPT UNPACKING pc=0x0000021e43a723a3 sp=0x000000cabb4fed28 mode 2
Event: 23145.175 Thread 0x0000021e7fb3c830 DEOPT PACKING pc=0x0000021e409bc9b7 sp=0x000000cabbafe650
Event: 23145.176 Thread 0x0000021e7fb3c830 DEOPT UNPACKING pc=0x0000021e43a72b43 sp=0x000000cabbafdb98 mode 0
Event: 23146.875 Thread 0x0000021e79e1f440 DEOPT PACKING pc=0x0000021e409ee1b7 sp=0x000000cabb5fe6b0
Event: 23146.875 Thread 0x0000021e79e1f440 DEOPT UNPACKING pc=0x0000021e43a72b43 sp=0x000000cabb5fdbf8 mode 0

Classes unloaded (20 events):
Event: 22882.455 Thread 0x0000021e52a08e00 Unloading class 0x0000021e566226c8 'jdk/internal/jimage/ImageReader$LinkNode'
Event: 22882.455 Thread 0x0000021e52a08e00 Unloading class 0x0000021e56622460 'jdk/internal/jimage/ImageReader$Directory'
Event: 22882.455 Thread 0x0000021e52a08e00 Unloading class 0x0000021e566221f8 'jdk/internal/jimage/ImageReader$Node'
Event: 22882.455 Thread 0x0000021e52a08e00 Unloading class 0x0000021e56622000 'jdk/internal/jimage/ImageStrings'
Event: 22882.455 Thread 0x0000021e52a08e00 Unloading class 0x0000021e56621b50 'jdk/internal/jimage/ImageReader$SharedImageReader'
Event: 22882.455 Thread 0x0000021e52a08e00 Unloading class 0x0000021e56621890 'jdk/internal/jimage/BasicImageReader'
Event: 22882.455 Thread 0x0000021e52a08e00 Unloading class 0x0000021e56621670 'jdk/internal/jimage/ImageReader'
Event: 22882.456 Thread 0x0000021e52a08e00 Unloading class 0x0000021e56621448 'jdk/internal/jrtfs/SystemImage$2'
Event: 22882.456 Thread 0x0000021e52a08e00 Unloading class 0x0000021e56621230 'jdk/internal/jrtfs/SystemImage$$Lambda$3142+0x0000021e56621230'
Event: 22882.456 Thread 0x0000021e52a08e00 Unloading class 0x0000021e56621000 'jdk/internal/jrtfs/ExplodedImage'
Event: 22882.456 Thread 0x0000021e52a08e00 Unloading class 0x0000021e56620dc8 'jdk/internal/jrtfs/SystemImage$1'
Event: 22882.456 Thread 0x0000021e52a08e00 Unloading class 0x0000021e56620bb0 'jdk/internal/jrtfs/SystemImage'
Event: 22882.456 Thread 0x0000021e52a08e00 Unloading class 0x0000021e56620950 'jdk/internal/jrtfs/JrtFileStore'
Event: 22882.456 Thread 0x0000021e52a08e00 Unloading class 0x0000021e566205d8 'jdk/internal/jrtfs/JrtPath'
Event: 22882.456 Thread 0x0000021e52a08e00 Unloading class 0x0000021e566202e0 'jdk/internal/jrtfs/JrtFileSystem'
Event: 22882.456 Thread 0x0000021e52a08e00 Unloading class 0x0000021e56620000 'jdk/internal/jrtfs/JrtFileSystemProvider'
Event: 22882.461 Thread 0x0000021e52a08e00 Unloading class 0x0000021e56245000 'jdk/internal/reflect/GeneratedConstructorAccessor565'
Event: 22882.461 Thread 0x0000021e52a08e00 Unloading class 0x0000021e56244c00 'jdk/internal/reflect/GeneratedConstructorAccessor564'
Event: 22882.461 Thread 0x0000021e52a08e00 Unloading class 0x0000021e56244800 'jdk/internal/reflect/GeneratedConstructorAccessor563'
Event: 22882.461 Thread 0x0000021e52a08e00 Unloading class 0x0000021e56244400 'jdk/internal/reflect/GeneratedConstructorAccessor562'

Classes redefined (0 events):
No events

Internal exceptions (20 events):
Event: 23133.660 Thread 0x0000021e0022b0a0 Exception <a 'sun/nio/fs/WindowsException'{0x00000000d03b4b20}> (0x00000000d03b4b20) 
thrown [s\open\src\hotspot\share\prims\jni.cpp, line 516]
Event: 23133.679 Thread 0x0000021e0022b0a0 Exception <a 'sun/nio/fs/WindowsException'{0x00000000d03b7248}> (0x00000000d03b7248) 
thrown [s\open\src\hotspot\share\prims\jni.cpp, line 516]
Event: 23133.698 Thread 0x0000021e0022b0a0 Exception <a 'sun/nio/fs/WindowsException'{0x00000000d03b9998}> (0x00000000d03b9998) 
thrown [s\open\src\hotspot\share\prims\jni.cpp, line 516]
Event: 23133.707 Thread 0x0000021e0022b0a0 Exception <a 'sun/nio/fs/WindowsException'{0x00000000d03bc068}> (0x00000000d03bc068) 
thrown [s\open\src\hotspot\share\prims\jni.cpp, line 516]
Event: 23133.712 Thread 0x0000021e0022b0a0 Exception <a 'sun/nio/fs/WindowsException'{0x00000000d03be728}> (0x00000000d03be728) 
thrown [s\open\src\hotspot\share\prims\jni.cpp, line 516]
Event: 23133.722 Thread 0x0000021e0022b0a0 Exception <a 'sun/nio/fs/WindowsException'{0x00000000d03c49a8}> (0x00000000d03c49a8) 
thrown [s\open\src\hotspot\share\prims\jni.cpp, line 516]
Event: 23133.728 Thread 0x0000021e0022b0a0 Exception <a 'sun/nio/fs/WindowsException'{0x00000000d03c7010}> (0x00000000d03c7010) 
thrown [s\open\src\hotspot\share\prims\jni.cpp, line 516]
Event: 23133.731 Thread 0x0000021e0022b0a0 Exception <a 'sun/nio/fs/WindowsException'{0x00000000d03c9780}> (0x00000000d03c9780) 
thrown [s\open\src\hotspot\share\prims\jni.cpp, line 516]
Event: 23133.736 Thread 0x0000021e0022b0a0 Exception <a 'sun/nio/fs/WindowsException'{0x00000000d03cbf40}> (0x00000000d03cbf40) 
thrown [s\open\src\hotspot\share\prims\jni.cpp, line 516]
Event: 23133.740 Thread 0x0000021e0022b0a0 Exception <a 'sun/nio/fs/WindowsException'{0x00000000d03ce6d0}> (0x00000000d03ce6d0) 
thrown [s\open\src\hotspot\share\prims\jni.cpp, line 516]
Event: 23133.743 Thread 0x0000021e0022b0a0 Exception <a 'sun/nio/fs/WindowsException'{0x00000000d03d0e58}> (0x00000000d03d0e58) 
thrown [s\open\src\hotspot\share\prims\jni.cpp, line 516]
Event: 23133.752 Thread 0x0000021e0022b0a0 Exception <a 'sun/nio/fs/WindowsException'{0x00000000d03d35e0}> (0x00000000d03d35e0) 
thrown [s\open\src\hotspot\share\prims\jni.cpp, line 516]
Event: 23133.757 Thread 0x0000021e0022b0a0 Exception <a 'sun/nio/fs/WindowsException'{0x00000000d03d5d90}> (0x00000000d03d5d90) 
thrown [s\open\src\hotspot\share\prims\jni.cpp, line 516]
Event: 23133.760 Thread 0x0000021e0022b0a0 Exception <a 'sun/nio/fs/WindowsException'{0x00000000d03d8470}> (0x00000000d03d8470) 
thrown [s\open\src\hotspot\share\prims\jni.cpp, line 516]
Event: 23133.765 Thread 0x0000021e0022b0a0 Exception <a 'sun/nio/fs/WindowsException'{0x00000000d03dab18}> (0x00000000d03dab18) 
thrown [s\open\src\hotspot\share\prims\jni.cpp, line 516]
Event: 23133.769 Thread 0x0000021e0022b0a0 Exception <a 'sun/nio/fs/WindowsException'{0x00000000d03f6ef8}> (0x00000000d03f6ef8) 
thrown [s\open\src\hotspot\share\prims\jni.cpp, line 516]
Event: 23133.801 Thread 0x0000021e0022b0a0 Exception <a 'sun/nio/fs/WindowsException'{0x00000000d03f9598}> (0x00000000d03f9598) 
thrown [s\open\src\hotspot\share\prims\jni.cpp, line 516]
Event: 23133.808 Thread 0x0000021e0022b0a0 Exception <a 'sun/nio/fs/WindowsException'{0x00000000d03fe8c8}> (0x00000000d03fe8c8) 
thrown [s\open\src\hotspot\share\prims\jni.cpp, line 516]
Event: 23133.814 Thread 0x0000021e0022b0a0 Exception <a 'sun/nio/fs/WindowsException'{0x00000000d0201858}> (0x00000000d0201858) 
thrown [s\open\src\hotspot\share\prims\jni.cpp, line 516]
Event: 23133.954 Thread 0x0000021e79e1f950 Exception <a 'java/lang/InterruptedException'{0x00000000d02f8c78}> (0x00000000d02f8c78) 
thrown [s\open\src\hotspot\share\runtime\objectMonitor.cpp, line 1671]

VM Operations (20 events):
Event: 23136.056 Executing VM operation: Cleanup done
Event: 23136.976 Executing VM operation: HandshakeAllThreads
Event: 23136.996 Executing VM operation: HandshakeAllThreads done
Event: 23137.714 Executing VM operation: HandshakeAllThreads
Event: 23137.715 Executing VM operation: HandshakeAllThreads done
Event: 23138.715 Executing VM operation: Cleanup
Event: 23138.718 Executing VM operation: Cleanup done
Event: 23140.719 Executing VM operation: Cleanup
Event: 23140.725 Executing VM operation: Cleanup done
Event: 23141.726 Executing VM operation: Cleanup
Event: 23141.760 Executing VM operation: Cleanup done
Event: 23143.761 Executing VM operation: Cleanup
Event: 23143.884 Executing VM operation: Cleanup done
Event: 23144.884 Executing VM operation: Cleanup
Event: 23145.074 Executing VM operation: Cleanup done
Event: 23146.074 Executing VM operation: Cleanup
Event: 23146.107 Executing VM operation: Cleanup done
Event: 23147.528 Executing VM operation: G1CollectForAllocation
Event: 23150.042 Executing VM operation: G1CollectForAllocation done
Event: 23150.955 Executing VM operation: G1CollectForAllocation

Events (20 events):
Event: 23137.893 Thread 0x0000021e52a32c70 flushing nmethod 0x0000021e41963610
Event: 23137.893 Thread 0x0000021e52a32c70 flushing nmethod 0x0000021e41963990
Event: 23137.893 Thread 0x0000021e52a32c70 flushing nmethod 0x0000021e41963e90
Event: 23137.893 Thread 0x0000021e52a32c70 flushing nmethod 0x0000021e41964310
Event: 23137.894 Thread 0x0000021e52a32c70 flushing nmethod 0x0000021e41989310
Event: 23137.894 Thread 0x0000021e52a32c70 flushing nmethod 0x0000021e41a25710
Event: 23137.894 Thread 0x0000021e52a32c70 flushing nmethod 0x0000021e41a34e10
Event: 23137.895 Thread 0x0000021e52a32c70 flushing nmethod 0x0000021e41aacc90
Event: 23141.455 Thread 0x0000021e7f947440 Thread added: 0x0000021e7f947440
Event: 23141.555 Thread 0x0000021e7fb3be10 Thread added: 0x0000021e7fb3be10
Event: 23141.569 Thread 0x0000021e76019880 Thread added: 0x0000021e76019880
Event: 23141.582 Thread 0x0000021e76018440 Thread added: 0x0000021e76018440
Event: 23141.597 Thread 0x0000021e79e1f440 Thread added: 0x0000021e79e1f440
Event: 23141.603 Thread 0x0000021e7758c430 Thread added: 0x0000021e7758c430
Event: 23141.611 Thread 0x0000021e0022b5b0 Thread added: 0x0000021e0022b5b0
Event: 23141.620 Thread 0x0000021e7fb3c830 Thread added: 0x0000021e7fb3c830
Event: 23141.628 Thread 0x0000021e006f1f40 Thread added: 0x0000021e006f1f40
Event: 23141.691 Thread 0x0000021e7fca1090 Thread added: 0x0000021e7fca1090
Event: 23141.767 Thread 0x0000021e7f946f30 Thread added: 0x0000021e7f946f30
Event: 23141.775 Thread 0x0000021e00228310 Thread added: 0x0000021e00228310


Dynamic libraries:
0x00007ff687560000 - 0x00007ff687570000 	C:\Program Files\Java\jdk-16.0.2\bin\java.exe
0x00007ff8070c0000 - 0x00007ff807325000 	C:\WINDOWS\SYSTEM32\ntdll.dll
0x00007ff805fc0000 - 0x00007ff806089000 	C:\WINDOWS\System32\KERNEL32.DLL
0x00007ff804a70000 - 0x00007ff804e58000 	C:\WINDOWS\System32\KERNELBASE.dll
0x00007ff8042d0000 - 0x00007ff80441b000 	C:\WINDOWS\System32\ucrtbase.dll
0x00007fffdf850000 - 0x00007fffdf86b000 	C:\Program Files\Java\jdk-16.0.2\bin\VCRUNTIME140.dll
0x00007fffdf6c0000 - 0x00007fffdf6d9000 	C:\Program Files\Java\jdk-16.0.2\bin\jli.dll
0x00007ff8057e0000 - 0x00007ff805893000 	C:\WINDOWS\System32\ADVAPI32.dll
0x00007ff8064d0000 - 0x00007ff806579000 	C:\WINDOWS\System32\msvcrt.dll
0x00007ff806a60000 - 0x00007ff806b06000 	C:\WINDOWS\System32\sechost.dll
0x00007ff806930000 - 0x00007ff806a45000 	C:\WINDOWS\System32\RPCRT4.dll
0x00007ff805d70000 - 0x00007ff805f3a000 	C:\WINDOWS\System32\USER32.dll
0x00007ff8045a0000 - 0x00007ff8045c7000 	C:\WINDOWS\System32\win32u.dll
0x00007fffeffa0000 - 0x00007ffff023a000 	C:\WINDOWS\WinSxS\amd64_microsoft.windows.common-controls_6595b64144ccf1df_6.0.26100.4202_none_3e0698d4e335f517\COMCTL32.dll
0x00007ff8055d0000 - 0x00007ff8055fb000 	C:\WINDOWS\System32\GDI32.dll
0x00007ff804930000 - 0x00007ff804a67000 	C:\WINDOWS\System32\gdi32full.dll
0x00007ff804880000 - 0x00007ff804923000 	C:\WINDOWS\System32\msvcp_win.dll
0x00007ffffbc90000 - 0x00007ffffbc9b000 	C:\WINDOWS\SYSTEM32\VERSION.dll
0x00007ff8066f0000 - 0x00007ff806720000 	C:\WINDOWS\System32\IMM32.DLL
0x00007ffff11e0000 - 0x00007ffff11ec000 	C:\Program Files\Java\jdk-16.0.2\bin\vcruntime140_1.dll
0x00007fffd3f00000 - 0x00007fffd3f8e000 	C:\Program Files\Java\jdk-16.0.2\bin\msvcp140.dll
0x00007fff3ea30000 - 0x00007fff3f610000 	C:\Program Files\Java\jdk-16.0.2\bin\server\jvm.dll
0x00007ff806a50000 - 0x00007ff806a58000 	C:\WINDOWS\System32\PSAPI.DLL
0x00007ffff05a0000 - 0x00007ffff05d5000 	C:\WINDOWS\SYSTEM32\WINMM.dll
0x00007fffcc080000 - 0x00007fffcc08a000 	C:\WINDOWS\SYSTEM32\WSOCK32.dll
0x00007ff805f40000 - 0x00007ff805fb4000 	C:\WINDOWS\System32\WS2_32.dll
0x00007ff802fd0000 - 0x00007ff802feb000 	C:\WINDOWS\SYSTEM32\kernel.appcore.dll
0x00007fffebe70000 - 0x00007fffebe7a000 	C:\Program Files\Java\jdk-16.0.2\bin\jimage.dll
0x00007ff801a20000 - 0x00007ff801c61000 	C:\WINDOWS\SYSTEM32\DBGHELP.DLL
0x00007ff8058e0000 - 0x00007ff805c65000 	C:\WINDOWS\System32\combase.dll
0x00007ff8063e0000 - 0x00007ff8064c1000 	C:\WINDOWS\System32\OLEAUT32.dll
0x00007fffef260000 - 0x00007fffef299000 	C:\WINDOWS\SYSTEM32\dbgcore.DLL
0x00007ff8045d0000 - 0x00007ff804669000 	C:\WINDOWS\System32\bcryptPrimitives.dll
0x00007fffe0a80000 - 0x00007fffe0a8e000 	C:\Program Files\Java\jdk-16.0.2\bin\instrument.dll
0x00007fffdd7e0000 - 0x00007fffdd805000 	C:\Program Files\Java\jdk-16.0.2\bin\java.dll
0x00007fffca000000 - 0x00007fffca0d7000 	C:\Program Files\Java\jdk-16.0.2\bin\jsvml.dll
0x00007ff804e80000 - 0x00007ff8055c2000 	C:\WINDOWS\System32\SHELL32.dll
0x00007ff804420000 - 0x00007ff804594000 	C:\WINDOWS\System32\wintypes.dll
0x00007ff801e90000 - 0x00007ff8026e8000 	C:\WINDOWS\SYSTEM32\windows.storage.dll
0x00007ff806580000 - 0x00007ff806671000 	C:\WINDOWS\System32\SHCORE.dll
0x00007ff806680000 - 0x00007ff8066ea000 	C:\WINDOWS\System32\shlwapi.dll
0x00007ff804120000 - 0x00007ff80414f000 	C:\WINDOWS\SYSTEM32\profapi.dll
0x00007fffdd4b0000 - 0x00007fffdd4c8000 	C:\Program Files\Java\jdk-16.0.2\bin\zip.dll
0x00007fffdd710000 - 0x00007fffdd729000 	C:\Program Files\Java\jdk-16.0.2\bin\net.dll
0x00007ff800400000 - 0x00007ff80051e000 	C:\WINDOWS\SYSTEM32\WINHTTP.dll
0x00007ff803540000 - 0x00007ff8035aa000 	C:\WINDOWS\system32\mswsock.dll
0x00007fffdd5f0000 - 0x00007fffdd606000 	C:\Program Files\Java\jdk-16.0.2\bin\nio.dll
0x00007fffeabd0000 - 0x00007fffeabe0000 	C:\Program Files\Java\jdk-16.0.2\bin\verify.dll
0x00007fffdcf40000 - 0x00007fffdcf67000 	C:\Users\exo06\.gradle\native\1def1411415f61bf3af743bc5b6707747c0891f09f0c88961ee8f79bc544acac\windows-amd64\native-platform.dll
0x00007fffc9f80000 - 0x00007fffc9ff8000 	C:\Users\exo06\.gradle\native\0.2.7\x86_64-windows-gnu\gradle-fileevents.dll
0x00007fffe93b0000 - 0x00007fffe93ba000 	C:\Program Files\Java\jdk-16.0.2\bin\management.dll
0x00007fffe6cc0000 - 0x00007fffe6ccb000 	C:\Program Files\Java\jdk-16.0.2\bin\management_ext.dll
0x00007ff802a50000 - 0x00007ff802a83000 	C:\WINDOWS\SYSTEM32\IPHLPAPI.DLL
0x00007ff8058a0000 - 0x00007ff8058aa000 	C:\WINDOWS\System32\NSI.dll
0x00007ff8007a0000 - 0x00007ff8007bf000 	C:\WINDOWS\SYSTEM32\dhcpcsvc6.DLL
0x00007ff800700000 - 0x00007ff800725000 	C:\WINDOWS\SYSTEM32\dhcpcsvc.DLL
0x00007ff802af0000 - 0x00007ff802c17000 	C:\WINDOWS\SYSTEM32\DNSAPI.dll
0x00007ff8037f0000 - 0x00007ff80380b000 	C:\WINDOWS\SYSTEM32\CRYPTSP.dll
0x00007ff802f30000 - 0x00007ff802f6a000 	C:\WINDOWS\system32\rsaenh.dll
0x00007ff8035e0000 - 0x00007ff80360b000 	C:\WINDOWS\SYSTEM32\USERENV.dll
0x00007ff8040f0000 - 0x00007ff804116000 	C:\WINDOWS\SYSTEM32\bcrypt.dll
0x00007ff803810000 - 0x00007ff80381c000 	C:\WINDOWS\SYSTEM32\CRYPTBASE.dll
0x00007fffdf9e0000 - 0x00007fffdf9ee000 	C:\Program Files\Java\jdk-16.0.2\bin\sunmscapi.dll
0x00007ff804670000 - 0x00007ff8047e7000 	C:\WINDOWS\System32\CRYPT32.dll
0x00007ff803a10000 - 0x00007ff803a40000 	C:\WINDOWS\SYSTEM32\ncrypt.dll
0x00007ff8039c0000 - 0x00007ff8039ff000 	C:\WINDOWS\SYSTEM32\NTASN1.dll
0x00007fffbea90000 - 0x00007fffbea98000 	C:\WINDOWS\system32\wshunix.dll
0x00007fffaaac0000 - 0x00007fffaaad8000 	C:\WINDOWS\system32\napinsp.dll
0x00007fffa4910000 - 0x00007fffa4922000 	C:\WINDOWS\System32\winrnr.dll
0x00007fffd1930000 - 0x00007fffd1960000 	C:\WINDOWS\system32\nlansp_c.dll
0x00007fffd5390000 - 0x00007fffd53b0000 	C:\WINDOWS\system32\wshbth.dll
0x00007ff8000b0000 - 0x00007ff8000bb000 	C:\Windows\System32\rasadhlp.dll
0x00007ff800990000 - 0x00007ff800a16000 	C:\WINDOWS\System32\fwpuclnt.dll
0x00007ffffef30000 - 0x00007ffffef37000 	C:\Program Files\Java\jdk-16.0.2\bin\rmi.dll
0x00007ff8030f0000 - 0x00007ff803126000 	C:\WINDOWS\SYSTEM32\ntmarta.dll

dbghelp: loaded successfully - version: 4.0.5 - missing functions: none
symbol engine: initialized successfully - sym options: 0x614 - pdb path: .;C:\Program Files\Java\jdk-16.0.2\bin;C:\WINDOWS\SYSTEM32;C:\WINDOWS\WinSxS\amd64_microsoft.windows.common-controls_6595b64144ccf1df_6.0.26100.4202_none_3e0698d4e335f517;C:\Program Files\Java\jdk-16.0.2\bin\server;C:\Users\exo06\.gradle\native\1def1411415f61bf3af743bc5b6707747c0891f09f0c88961ee8f79bc544acac\windows-amd64;C:\Users\exo06\.gradle\native\0.2.7\x86_64-windows-gnu

VM Arguments:
jvm_args: --add-opens=java.base/java.lang=ALL-UNNAMED --add-opens=java.base/java.lang.invoke=ALL-UNNAMED --add-opens=java.base/java.util=ALL-UNNAMED --add-opens=java.prefs/java.util.prefs=ALL-UNNAMED --add-exports=jdk.compiler/com.sun.tools.javac.api=ALL-UNNAMED --add-exports=jdk.compiler/com.sun.tools.javac.util=ALL-UNNAMED --add-opens=java.base/java.util=ALL-UNNAMED --add-opens=java.prefs/java.util.prefs=ALL-UNNAMED --add-opens=java.base/java.nio.charset=ALL-UNNAMED --add-opens=java.base/java.net=ALL-UNNAMED --add-opens=java.base/java.util.concurrent.atomic=ALL-UNNAMED --add-opens=java.xml/javax.xml.namespace=ALL-UNNAMED -XX:MaxMetaspaceSize=512m -Xmx2048m -Dfile.encoding=windows-31j -Duser.country=JP -Duser.language=ja -Duser.variant -javaagent:C:\Users\exo06\.gradle\wrapper\dists\gradle-8.13-bin\5xuhj0ry160q40clulazy9h7d\gradle-8.13\lib\agents\gradle-instrumentation-agent-8.13.jar 
java_command: org.gradle.launcher.daemon.bootstrap.GradleDaemon 8.13
java_class_path (initial): C:\Users\exo06\.gradle\wrapper\dists\gradle-8.13-bin\5xuhj0ry160q40clulazy9h7d\gradle-8.13\lib\gradle-daemon-main-8.13.jar
Launcher Type: SUN_STANDARD

[Global flags]
     intx CICompilerCount                          = 4                                         {product} {ergonomic}
   size_t CompressedClassSpaceSize                 = 436207616                                 {product} {ergonomic}
     uint ConcGCThreads                            = 3                                         {product} {ergonomic}
     uint G1ConcRefinementThreads                  = 10                                        {product} {ergonomic}
   size_t G1HeapRegionSize                         = 1048576                                   {product} {ergonomic}
    uintx GCDrainStackTargetSize                   = 64                                        {product} {ergonomic}
   size_t InitialHeapSize                          = 123731968                                 {product} {ergonomic}
   size_t MarkStackSize                            = 4194304                                   {product} {ergonomic}
   size_t MaxHeapSize                              = 2147483648                                {product} {command line}
   size_t MaxMetaspaceSize                         = 536870912                                 {product} {command line}
   size_t MaxNewSize                               = 1287651328                                {product} {ergonomic}
   size_t MinHeapDeltaBytes                        = 1048576                                   {product} {ergonomic}
   size_t MinHeapSize                              = 8388608                                   {product} {ergonomic}
    uintx NonNMethodCodeHeapSize                   = 5839372                                {pd product} {ergonomic}
    uintx NonProfiledCodeHeapSize                  = 122909434                              {pd product} {ergonomic}
    uintx ProfiledCodeHeapSize                     = 122909434                              {pd product} {ergonomic}
    uintx ReservedCodeCacheSize                    = 251658240                              {pd product} {ergonomic}
     bool SegmentedCodeCache                       = true                                      {product} {ergonomic}
   size_t SoftMaxHeapSize                          = 2147483648                             {manageable} {ergonomic}
     bool UseCompressedClassPointers               = true                           {product lp64_product} {ergonomic}
     bool UseCompressedOops                        = true                           {product lp64_product} {ergonomic}
     bool UseG1GC                                  = true                                      {product} {ergonomic}
     bool UseLargePagesIndividualAllocation        = false                                  {pd product} {ergonomic}

Logging:
Log output configuration:
 #0: stdout all=warning uptime,level,tags
 #1: stderr all=off uptime,level,tags

Environment Variables:
CLASSPATH=C:\Users\exo06\MyAppCLI\android\\gradle\wrapper\gradle-wrapper.jar
PATH=C:\Users\exo06\MyAppCLI\node_modules\.bin;C:\Users\exo06\MyAppCLI\node_modules\.bin;C:\Users\exo06\node_modules\.bin;C:\Users\node_modules\.bin;C:\node_modules\.bin;C:\Program Files\nodejs\node_modules\npm\node_modules\@npmcli\run-script\lib\node-gyp-bin;C:\Program Files\Common Files\Oracle\Java\javapath;C:\WINDOWS\system32;C:\WINDOWS;C:\WINDOWS\System32\Wbem;C:\WINDOWS\System32\WindowsPowerShell\v1.0\;C:\WINDOWS\System32\OpenSSH\;C:\Program Files\Git\cmd;C:\Program Files\HP\HP One Agent;C:\WINDOWS\system32;C:\WINDOWS;C:\WINDOWS\System32\Wbem;C:\WINDOWS\System32\WindowsPowerShell\v1.0\;C:\WINDOWS\System32\OpenSSH\;C:\Program Files\dotnet\;C:\Program Files\nodejs\;C:\Program Files\Common Files\Oracle\Java\javapath;C:\WINDOWS\system32;C:\WINDOWS;C:\WINDOWS\System32\Wbem;C:\WINDOWS\System32\WindowsPowerShell\v1.0\;C:\WINDOWS\System32\OpenSSH\;C:\Program Files\Git\cmd;C:\Program Files\HP\HP One Agent;C:\WINDOWS\system32;C:\WINDOWS;C:\WINDOWS\System32\Wbem;C:\WINDOWS\System32\WindowsPowerShell\v1.0\;C:\WINDOWS\System32\OpenSSH\;C:\Program Files\dotnet\;C:\Program Files\nodejs\;C:\Users\exo06\AppData\Local\Android\Sdk\platform-tools;C:\Users\exo06\AppData\Local\Programs\Microsoft VS Code\bin
USERNAME=exo06
OS=Windows_NT
PROCESSOR_IDENTIFIER=AMD64 Family 25 Model 80 Stepping 0, AuthenticAMD



---------------  S Y S T E M  ---------------

OS:
 Windows 11 , 64 bit Build 26100 (10.0.26100.4202)
OS uptime: 4 days 20:54 hours

CPU: total 12 (initial active 12) (12 cores per cpu, 2 threads per core) family 25 model 80 stepping 0 microcode 0xa50000c, cx8, cmov, fxsr, ht, mmx, 3dnowpref, sse, sse2, sse3, ssse3, sse4a, sse4.1, sse4.2, popcnt, lzcnt, tsc, tscinvbit, avx, avx2, aes, erms, clmul, bmi1, bmi2, adx, sha, fma, vzeroupper, clflush, clflushopt

Memory: 4k page, system-wide physical 7525M (11M free)
TotalPageFile size 31077M (AvailPageFile size 0M)
current process WorkingSet (physical memory assigned to process): 293M, peak: 913M
current process commit charge ("private bytes"): 2110M, peak: 2169M

vm_info: Java HotSpot(TM) 64-Bit Server VM (17.0.12+8-LTS-286) for windows-amd64 JRE (17.0.12+8-LTS-286), built on Jun  5 2024 06:46:59 by "mach5one" with MS VC++ 17.6 (VS2022)

END.
